asset,Date,SplyCur
btc,2018-01-01,16776348.58618491
btc,2018-01-02,16778486.0861849
btc,2018-01-03,16780448.58618488
btc,2018-01-04,16782548.58618486
btc,2018-01-05,16784336.08618409
btc,2018-01-06,16786436.08618407
btc,2018-01-07,16788461.08618405
btc,2018-01-08,16790536.08612404
btc,2018-01-09,16792586.08610402
btc,2018-01-10,16794661.086094
btc,2018-01-11,16797073.58609399
btc,2018-01-12,16799298.58608398
btc,2018-01-13,16801161.08608397
btc,2018-01-14,16803098.58608395
btc,2018-01-15,16804973.58608393
btc,2018-01-16,16806961.08608391
btc,2018-01-17,16809048.58608389
btc,2018-01-18,16811211.08608388
btc,2018-01-19,16813273.58608387
btc,2018-01-20,16815498.58608385
btc,2018-01-21,16817836.08608383
btc,2018-01-22,16819923.58608351
btc,2018-01-23,16822136.08608349
btc,2018-01-24,16824336.08608348
btc,2018-01-25,16826311.08608316
btc,2018-01-26,16828248.58598315
btc,2018-01-27,16830211.08598303
btc,2018-01-28,16832186.08598302
btc,2018-01-29,16834036.08598281
btc,2018-01-30,16836123.58598251
btc,2018-01-31,16837586.0859825
btc,2018-02-01,16839586.08598229
btc,2018-02-02,16841686.08598227
btc,2018-02-03,16843661.08598225
btc,2018-02-04,16845886.08598194
btc,2018-02-05,16848198.58598108
btc,2018-02-06,16850323.58598086
btc,2018-02-07,16852086.08598064
btc,2018-02-08,16853723.58598053
btc,2018-02-09,16855411.08598012
btc,2018-02-10,16857198.5859795
btc,2018-02-11,16859086.0859795
btc,2018-02-12,16861161.08597948
btc,2018-02-13,16863211.08594926
btc,2018-02-14,16865448.58594924
btc,2018-02-15,16867086.08594922
btc,2018-02-16,16869048.5859492
btc,2018-02-17,16870911.08594919
btc,2018-02-18,16872936.08594919
btc,2018-02-19,16874961.08594907
btc,2018-02-20,16876723.58594906
btc,2018-02-21,16878836.08594893
btc,2018-02-22,16880698.58592881
btc,2018-02-23,16882548.58592879
btc,2018-02-24,16884361.08591877
btc,2018-02-25,16886498.58591876
btc,2018-02-26,16888261.08591856
btc,2018-02-27,16890261.08591844
btc,2018-02-28,16892198.58589749
btc,2018-03-01,16894261.08589657
btc,2018-03-02,16896211.08589546
btc,2018-03-03,16898461.08589524
btc,2018-03-04,16900311.08589442
btc,2018-03-05,16902173.5858937
btc,2018-03-06,16904123.58589279
btc,2018-03-07,16906086.08589167
btc,2018-03-08,16908111.0858914
btc,2018-03-09,16909936.0858902
btc,2018-03-10,16911686.085889
btc,2018-03-11,16913598.5858879
btc,2018-03-12,16915611.0858879
btc,2018-03-13,16917586.0858879
btc,2018-03-14,16919386.0858879
btc,2018-03-15,16921186.0858876
btc,2018-03-16,16923136.0858872
btc,2018-03-17,16924998.5858872
btc,2018-03-18,16926886.0858871
btc,2018-03-19,16928823.5858871
btc,2018-03-20,16930411.0858871
btc,2018-03-21,16932311.0858871
btc,2018-03-22,16934098.5858868
btc,2018-03-23,16935761.08588536
btc,2018-03-24,16937711.08588536
btc,2018-03-25,16939398.58588536
btc,2018-03-26,16941273.58588535
btc,2018-03-27,16943173.58588535
btc,2018-03-28,16944861.08588535
btc,2018-03-29,16946761.08586535
btc,2018-03-30,16948786.08586535
btc,2018-03-31,16950386.08586535
btc,2018-04-01,16952411.08586535
btc,2018-04-02,16954361.08586515
btc,2018-04-03,16956398.58586515
btc,2018-04-04,16958236.08586475
btc,2018-04-05,16960186.08586455
btc,2018-04-06,16961911.08586455
btc,2018-04-07,16964161.08586455
btc,2018-04-08,16966173.58586455
btc,2018-04-09,16968011.08584445
btc,2018-04-10,16970061.08584425
btc,2018-04-11,16972073.58584425
btc,2018-04-12,16973998.58584425
btc,2018-04-13,16976061.08584425
btc,2018-04-14,16977773.58584425
btc,2018-04-15,16979811.08584425
btc,2018-04-16,16981573.58584425
btc,2018-04-17,16983598.58584425
btc,2018-04-18,16985598.58584425
btc,2018-04-19,16987823.58584425
btc,2018-04-20,16989536.08584415
btc,2018-04-21,16991523.58584415
btc,2018-04-22,16993523.58583415
btc,2018-04-23,16995436.08582415
btc,2018-04-24,16997423.58582415
btc,2018-04-25,16998961.08582415
btc,2018-04-26,17000723.58582405
btc,2018-04-27,17002498.58582395
btc,2018-04-28,17004098.58582395
btc,2018-04-29,17006073.58582395
btc,2018-04-30,17008011.08582395
btc,2018-05-01,17009986.08581849
btc,2018-05-02,17011736.08581839
btc,2018-05-03,17013623.58581839
btc,2018-05-04,17015348.58581839
btc,2018-05-05,17017361.08579839
btc,2018-05-06,17019073.58579839
btc,2018-05-07,17020948.58579819
btc,2018-05-08,17022686.08579735
btc,2018-05-09,17024686.08579735
btc,2018-05-10,17026611.08579735
btc,2018-05-11,17028198.58579735
btc,2018-05-12,17030261.08579735
btc,2018-05-13,17032111.08579735
btc,2018-05-14,17033761.08579735
btc,2018-05-15,17035586.08576995
btc,2018-05-16,17037823.58576985
btc,2018-05-17,17039473.58576975
btc,2018-05-18,17041323.58574245
btc,2018-05-19,17043248.58574245
btc,2018-05-20,17045048.58574235
btc,2018-05-21,17047011.08574235
btc,2018-05-22,17048898.58574225
btc,2018-05-23,17050923.58574225
btc,2018-05-24,17052711.08574215
btc,2018-05-25,17054911.08574205
btc,2018-05-26,17056936.08574205
btc,2018-05-27,17058986.08574135
btc,2018-05-28,17060936.08571405
btc,2018-05-29,17062673.58571395
btc,2018-05-30,17064848.58568665
btc,2018-05-31,17066973.58565935
btc,2018-06-01,17069048.58565935
btc,2018-06-02,17070948.58565935
btc,2018-06-03,17072986.08565935
btc,2018-06-04,17075273.58563205
btc,2018-06-05,17077461.08560475
btc,2018-06-06,17079298.58557668
btc,2018-06-07,17081086.08554928
btc,2018-06-08,17082892.33552198
btc,2018-06-09,17084679.83552127
btc,2018-06-10,17086267.33552127
btc,2018-06-11,17088017.33549324
btc,2018-06-12,17089829.83546594
btc,2018-06-13,17091617.33543784
btc,2018-06-14,17093529.83540978
btc,2018-06-15,17095442.33540832
btc,2018-06-16,17097517.33540832
btc,2018-06-17,17099479.83540756
btc,2018-06-18,17101529.83538026
btc,2018-06-19,17103467.33537952
btc,2018-06-20,17105404.83537873
btc,2018-06-21,17107529.83412755
btc,2018-06-22,17109417.33410025
btc,2018-06-23,17111417.33410025
btc,2018-06-24,17113554.83409953
btc,2018-06-25,17115517.33409953
btc,2018-06-26,17117342.33409953
btc,2018-06-27,17118854.83407223
btc,2018-06-28,17120817.33404493
btc,2018-06-29,17122704.83401763
btc,2018-06-30,17124467.33401689
btc,2018-07-01,17126304.83401612
btc,2018-07-02,17128067.33401612
btc,2018-07-03,17129517.33390629
btc,2018-07-04,17131192.33390629
btc,2018-07-05,17132904.83387826
btc,2018-07-06,17134904.83379718
btc,2018-07-07,17136854.83379718
btc,2018-07-08,17138829.83379718
btc,2018-07-09,17140529.83376909
btc,2018-07-10,17142392.33368776
btc,2018-07-11,17144079.83366046
btc,2018-07-12,17145842.33363316
btc,2018-07-13,17147629.83349486
btc,2018-07-14,17149292.33349486
btc,2018-07-15,17150954.83349486
btc,2018-07-16,17152454.83346756
btc,2018-07-17,17154442.33344026
btc,2018-07-18,17156617.33341148
btc,2018-07-19,17158754.83338348
btc,2018-07-20,17160679.83335618
btc,2018-07-21,17162392.33335618
btc,2018-07-22,17164667.33335618
btc,2018-07-23,17166742.33332888
btc,2018-07-24,17168729.83330082
btc,2018-07-25,17170942.3332728
btc,2018-07-26,17173004.8332728
btc,2018-07-27,17175092.33327127
btc,2018-07-28,17176904.83327054
btc,2018-07-29,17179029.83316199
btc,2018-07-30,17180704.83316199
btc,2018-07-31,17182542.33315121
btc,2018-08-01,17184417.33311234
btc,2018-08-02,17186329.83261354
btc,2018-08-03,17188404.83253624
btc,2018-08-04,17190604.83253624
btc,2018-08-05,17192604.83229624
btc,2018-08-06,17194242.33226815
btc,2018-08-07,17196129.83224085
btc,2018-08-08,17198092.33222845
btc,2018-08-09,17199954.83222299
btc,2018-08-10,17202154.83203226
btc,2018-08-11,17204279.83203226
btc,2018-08-12,17206217.33203152
btc,2018-08-13,17208092.33203076
btc,2018-08-14,17209792.33203076
btc,2018-08-15,17211804.83202991
btc,2018-08-16,17213779.83202991
btc,2018-08-17,17215679.83202445
btc,2018-08-18,17217679.83181445
btc,2018-08-19,17219492.33156289
btc,2018-08-20,17221367.33110289
btc,2018-08-21,17223217.33110221
btc,2018-08-22,17225217.33110071
btc,2018-08-23,17227079.83107268
btc,2018-08-24,17228904.83104538
btc,2018-08-25,17230592.33104538
btc,2018-08-26,17232754.83104323
btc,2018-08-27,17235067.33088593
btc,2018-08-28,17236979.83085863
btc,2018-08-29,17238717.33083133
btc,2018-08-30,17240642.33080327
btc,2018-08-31,17242579.83077441
btc,2018-09-01,17244467.33077441
btc,2018-09-02,17246267.33077364
btc,2018-09-03,17248067.33074558
btc,2018-09-04,17249642.33071828
btc,2018-09-05,17251292.3304288
btc,2018-09-06,17253167.33040071
btc,2018-09-07,17255067.33037341
btc,2018-09-08,17256942.33037341
btc,2018-09-09,17258979.83037341
btc,2018-09-10,17260667.33034611
btc,2018-09-11,17262429.83034611
btc,2018-09-12,17264529.8303345
btc,2018-09-13,17266379.8303337
btc,2018-09-14,17268029.8303064
btc,2018-09-15,17269779.8303064
btc,2018-09-16,17271517.33030562
btc,2018-09-17,17273204.8302947
btc,2018-09-18,17274979.8302474
btc,2018-09-19,17276929.8302201
btc,2018-09-20,17278854.8301928
btc,2018-09-21,17280654.83016477
btc,2018-09-22,17282592.330164
btc,2018-09-23,17284467.330164
btc,2018-09-24,17286317.3301367
btc,2018-09-25,17288429.8301094
btc,2018-09-26,17290167.3300821
btc,2018-09-27,17291954.83005479
btc,2018-09-28,17293879.82997749
btc,2018-09-29,17295779.82996749
btc,2018-09-30,17297817.32996749
btc,2018-10-01,17299792.32994019
btc,2018-10-02,17301504.82991289
btc,2018-10-03,17303317.32988559
btc,2018-10-04,17305192.32985829
btc,2018-10-05,17306817.32985829
btc,2018-10-06,17308379.82985829
btc,2018-10-07,17310154.82985759
btc,2018-10-08,17311842.32985759
btc,2018-10-09,17313467.32983029
btc,2018-10-10,17315267.32979299
btc,2018-10-11,17317254.82976569
btc,2018-10-12,17318904.82973839
btc,2018-10-13,17320667.32973839
btc,2018-10-14,17322092.32973839
btc,2018-10-15,17324117.32971109
btc,2018-10-16,17325804.82968379
btc,2018-10-17,17327529.82965649
btc,2018-10-18,17329254.82962919
btc,2018-10-19,17331029.82960189
btc,2018-10-20,17332817.32960189
btc,2018-10-21,17334542.32960189
btc,2018-10-22,17336479.82957459
btc,2018-10-23,17338404.82954649
btc,2018-10-24,17339817.32951919
btc,2018-10-25,17341529.82949189
btc,2018-10-26,17343317.32946459
btc,2018-10-27,17345017.32946459
btc,2018-10-28,17346767.32946459
btc,2018-10-29,17348592.32943729
btc,2018-10-30,17350517.32943729
btc,2018-10-31,17352554.82940999
btc,2018-11-01,17354479.82940999
btc,2018-11-02,17356267.32940999
btc,2018-11-03,17358279.82940925
btc,2018-11-04,17359817.32940925
btc,2018-11-05,17361617.32940925
btc,2018-11-06,17363217.32938195
btc,2018-11-07,17364842.32935391
btc,2018-11-08,17366354.82932661
btc,2018-11-09,17367942.32929931
btc,2018-11-10,17369579.82929931
btc,2018-11-11,17371404.82929931
btc,2018-11-12,17373154.82927201
btc,2018-11-13,17374654.82924471
btc,2018-11-14,17376342.32924471
btc,2018-11-15,17377929.8291894
btc,2018-11-16,17379504.8291621
btc,2018-11-17,17381317.3291621
btc,2018-11-18,17382854.8291621
btc,2018-11-19,17384429.8291348
btc,2018-11-20,17386079.8291075
btc,2018-11-21,17387392.3290802
btc,2018-11-22,17388917.3290529
btc,2018-11-23,17390479.8290256
btc,2018-11-24,17392267.3290256
btc,2018-11-25,17393854.8290256
btc,2018-11-26,17395242.3289983
btc,2018-11-27,17396879.8289983
btc,2018-11-28,17398354.82796581
btc,2018-11-29,17399667.32793851
btc,2018-11-30,17400929.82791121
btc,2018-12-01,17402479.82791121
btc,2018-12-02,17403904.82791121
btc,2018-12-03,17405329.82788391
btc,2018-12-04,17407054.82785661
btc,2018-12-05,17408679.82782931
btc,2018-12-06,17410367.32780201
btc,2018-12-07,17411792.32777471
btc,2018-12-08,17413379.82777471
btc,2018-12-09,17414979.82777471
btc,2018-12-10,17416529.82774741
btc,2018-12-11,17418092.32771934
btc,2018-12-12,17419592.32769204
btc,2018-12-13,17421229.82766474
btc,2018-12-14,17423054.82763744
btc,2018-12-15,17424917.32763744
btc,2018-12-16,17426354.82763744
btc,2018-12-17,17428354.82761014
btc,2018-12-18,17429954.82758283
btc,2018-12-19,17431817.32755549
btc,2018-12-20,17433504.82752819
btc,2018-12-21,17435254.82750089
btc,2018-12-22,17437442.32750089
btc,2018-12-23,17439642.32750089
btc,2018-12-24,17441542.32747359
btc,2018-12-25,17443529.82747359
btc,2018-12-26,17445492.32747359
btc,2018-12-27,17447667.32744629
btc,2018-12-28,17449754.8274135
btc,2018-12-29,17451479.82740804
btc,2018-12-30,17453679.82740804
btc,2018-12-31,17455617.32738074
btc,2019-01-01,17457479.82738074
btc,2019-01-02,17459367.32735344
btc,2019-01-03,17461304.82732614
btc,2019-01-04,17463167.32729884
btc,2019-01-05,17465204.82729884
btc,2019-01-06,17466967.32729884
btc,2019-01-07,17468729.82727154
btc,2019-01-08,17470842.32724424
btc,2019-01-09,17472892.32720693
btc,2019-01-10,17474842.32717963
btc,2019-01-11,17476692.32715233
btc,2019-01-12,17478417.32715233
btc,2019-01-13,17480129.82715233
btc,2019-01-14,17481992.32712503
btc,2019-01-15,17483642.32709773
btc,2019-01-16,17485304.82707043
btc,2019-01-17,17486892.32704313
btc,2019-01-18,17488617.32701583
btc,2019-01-19,17490279.82701583
btc,2019-01-20,17492242.32701583
btc,2019-01-21,17494117.32701583
btc,2019-01-22,17495742.32701583
btc,2019-01-23,17497567.32701583
btc,2019-01-24,17499592.32701504
btc,2019-01-25,17501317.32701504
btc,2019-01-26,17503192.32701504
btc,2019-01-27,17504904.82701504
btc,2019-01-28,17506717.32701504
btc,2019-01-29,17508542.32699504
btc,2019-01-30,17510242.32699504
btc,2019-01-31,17512179.82699504
btc,2019-02-01,17514154.82699504
btc,2019-02-02,17515954.82699504
btc,2019-02-03,17517679.82699504
btc,2019-02-04,17519517.32699504
btc,2019-02-05,17521354.82699504
btc,2019-02-06,17523404.82699504
btc,2019-02-07,17525579.82699504
btc,2019-02-08,17527617.32698958
btc,2019-02-09,17529492.32698958
btc,2019-02-10,17531242.32698958
btc,2019-02-11,17533054.82698958
btc,2019-02-12,17534654.82698412
btc,2019-02-13,17536567.32697866
btc,2019-02-14,17538329.8269732
btc,2019-02-15,17539917.32696774
btc,2019-02-16,17541792.32696774
btc,2019-02-17,17543779.82696774
btc,2019-02-18,17545717.32696228
btc,2019-02-19,17547667.32695682
btc,2019-02-20,17549292.32695136
btc,2019-02-21,17550779.8269459
btc,2019-02-22,17552804.82694044
btc,2019-02-23,17554592.32694044
btc,2019-02-24,17556304.82694044
btc,2019-02-25,17558092.32693498
btc,2019-02-26,17560104.82692952
btc,2019-02-27,17561867.32692331
btc,2019-02-28,17563742.32691785
btc,2019-03-01,17565767.32691239
btc,2019-03-02,17567417.32691239
btc,2019-03-03,17569242.32691239
btc,2019-03-04,17570954.82690693
btc,2019-03-05,17572817.32690147
btc,2019-03-06,17574417.32690147
btc,2019-03-07,17576192.32689601
btc,2019-03-08,17578017.32689601
btc,2019-03-09,17579742.32687417
btc,2019-03-10,17581442.32687417
btc,2019-03-11,17583217.32686871
btc,2019-03-12,17585004.82686871
btc,2019-03-13,17586692.32686325
btc,2019-03-14,17588629.82685724
btc,2019-03-15,17590542.32685178
btc,2019-03-16,17592579.82685178
btc,2019-03-17,17594404.82685178
btc,2019-03-18,17596417.32684577
btc,2019-03-19,17598592.32684031
btc,2019-03-20,17600604.82683485
btc,2019-03-21,17602392.32682939
btc,2019-03-22,17604404.82670847
btc,2019-03-23,17606217.32670847
btc,2019-03-24,17608092.32670847
btc,2019-03-25,17609942.32670301
btc,2019-03-26,17611617.32669209
btc,2019-03-27,17613479.82668663
btc,2019-03-28,17615304.82666117
btc,2019-03-29,17617142.32664571
btc,2019-03-30,17618879.82664571
btc,2019-03-31,17620617.32664461
btc,2019-04-01,17622317.32663915
btc,2019-04-02,17624279.82663369
btc,2019-04-03,17626054.82662823
btc,2019-04-04,17627804.82662823
btc,2019-04-05,17629779.82661731
btc,2019-04-06,17631517.32661731
btc,2019-04-07,17633279.82661731
btc,2019-04-08,17635129.82661185
btc,2019-04-09,17636779.82660639
btc,2019-04-10,17638629.82460093
btc,2019-04-11,17640592.32459547
btc,2019-04-12,17642479.82459001
btc,2019-04-13,17644167.32459001
btc,2019-04-14,17645692.32459001
btc,2019-04-15,17647504.82458455
btc,2019-04-16,17649317.32457909
btc,2019-04-17,17651042.32457308
btc,2019-04-18,17652904.82457308
btc,2019-04-19,17654804.82456762
btc,2019-04-20,17656442.32456762
btc,2019-04-21,17658467.32456762
btc,2019-04-22,17660142.32456762
btc,2019-04-23,17661592.32456216
btc,2019-04-24,17663629.8245567
btc,2019-04-25,17665417.3245567
btc,2019-04-26,17667304.82455124
btc,2019-04-27,17669017.32455124
btc,2019-04-28,17671054.82455124
btc,2019-04-29,17673092.32454578
btc,2019-04-30,17674842.32454032
btc,2019-05-01,17676979.82454032
btc,2019-05-02,17679279.82453486
btc,2019-05-03,17681179.8244194
btc,2019-05-04,17682829.8244194
btc,2019-05-05,17684442.3244194
btc,2019-05-06,17686329.82441394
btc,2019-05-07,17687917.32440848
btc,2019-05-08,17689817.32440302
btc,2019-05-09,17691692.32439756
btc,2019-05-10,17693254.82439756
btc,2019-05-11,17694879.82439756
btc,2019-05-12,17696854.8243915
btc,2019-05-13,17698942.32438604
btc,2019-05-14,17700842.32438058
btc,2019-05-15,17702704.82438058
btc,2019-05-16,17704529.82438058
btc,2019-05-17,17706417.32438048
btc,2019-05-18,17708329.82437492
btc,2019-05-19,17710367.32437492
btc,2019-05-20,17712379.82436936
btc,2019-05-21,17714292.32436936
btc,2019-05-22,17716379.82435844
btc,2019-05-23,17718354.82435298
btc,2019-05-24,17720267.32434752
btc,2019-05-25,17722017.32434752
btc,2019-05-26,17724079.82434752
btc,2019-05-27,17726167.32434206
btc,2019-05-28,17728217.3243366
btc,2019-05-29,17730392.32433104
btc,2019-05-30,17732392.32433104
btc,2019-05-31,17733854.82433104
btc,2019-06-01,17735742.32432548
btc,2019-06-02,17737379.82432002
btc,2019-06-03,17738867.32431992
btc,2019-06-04,17740792.32431992
btc,2019-06-05,17742792.32431446
btc,2019-06-06,17744754.82431436
btc,2019-06-07,17746729.82431436
btc,2019-06-08,17748279.82431436
btc,2019-06-09,17750117.32431436
btc,2019-06-10,17752079.82431436
btc,2019-06-11,17753867.32431436
btc,2019-06-12,17755504.82431436
btc,2019-06-13,17757392.32431436
btc,2019-06-14,17759504.82431436
btc,2019-06-15,17761329.82431436
btc,2019-06-16,17762954.82431436
btc,2019-06-17,17764617.32431436
btc,2019-06-18,17766654.82431426
btc,2019-06-19,17768867.32431416
btc,2019-06-20,17770667.32431416
btc,2019-06-21,17772329.82431416
btc,2019-06-22,17774092.32431416
btc,2019-06-23,17776354.82431406
btc,2019-06-24,17778567.32431406
btc,2019-06-25,17780392.32431406
btc,2019-06-26,17782454.82431406
btc,2019-06-27,17784229.82431406
btc,2019-06-28,17786267.32431406
btc,2019-06-29,17788442.32431406
btc,2019-06-30,17790342.32431396
btc,2019-07-01,17792129.82431386
btc,2019-07-02,17794104.82431386
btc,2019-07-03,17796254.82431386
btc,2019-07-04,17798342.32416642
btc,2019-07-05,17800704.82404084
btc,2019-07-06,17802929.82404084
btc,2019-07-07,17804842.32403538
btc,2019-07-08,17807067.32403538
btc,2019-07-09,17808992.32395348
btc,2019-07-10,17810604.82394802
btc,2019-07-11,17812217.32364226
btc,2019-07-12,17814267.32362588
btc,2019-07-13,17816029.82349484
btc,2019-07-14,17817842.32349484
btc,2019-07-15,17819667.32349484
btc,2019-07-16,17821692.32349474
btc,2019-07-17,17823354.82335824
btc,2019-07-18,17824867.32331456
btc,2019-07-19,17826342.3232545
btc,2019-07-20,17828554.8232544
btc,2019-07-21,17830417.3232544
btc,2019-07-22,17832392.3232544
btc,2019-07-23,17834179.82314518
btc,2019-07-24,17835917.32314518
btc,2019-07-25,17837792.32303598
btc,2019-07-26,17839867.3230195
btc,2019-07-27,17841767.32301948
btc,2019-07-28,17843954.82301948
btc,2019-07-29,17846054.82289936
btc,2019-07-30,17847829.82289936
btc,2019-07-31,17849967.32289936
btc,2019-08-01,17851742.32289936
btc,2019-08-02,17853854.82289936
btc,2019-08-03,17856017.3227574
btc,2019-08-04,17858104.8227574
btc,2019-08-05,17859892.3227574
btc,2019-08-06,17861904.82275739
btc,2019-08-07,17863817.32275739
btc,2019-08-08,17865592.32275739
btc,2019-08-09,17867429.82262079
btc,2019-08-10,17869317.32262079
btc,2019-08-11,17871229.82254971
btc,2019-08-12,17872892.32254415
btc,2019-08-13,17874854.82254405
btc,2019-08-14,17876754.82254405
btc,2019-08-15,17878717.32254405
btc,2019-08-16,17880554.82254405
btc,2019-08-17,17882154.82243485
btc,2019-08-18,17883729.82243485
btc,2019-08-19,17885767.32243485
btc,2019-08-20,17887679.82243485
btc,2019-08-21,17889379.82243485
btc,2019-08-22,17891142.32242939
btc,2019-08-23,17893054.82242939
btc,2019-08-24,17895054.82242939
btc,2019-08-25,17896992.32232939
btc,2019-08-26,17898704.82232939
btc,2019-08-27,17900392.32232939
btc,2019-08-28,17902279.82232939
btc,2019-08-29,17904342.32232939
btc,2019-08-30,17906342.32224839
btc,2019-08-31,17908417.32219925
btc,2019-09-01,17910204.82219925
btc,2019-09-02,17912067.32219925
btc,2019-09-03,17914117.32219925
btc,2019-09-04,17915817.32219379
btc,2019-09-05,17917879.82217195
btc,2019-09-06,17919854.82217195
btc,2019-09-07,17921729.82215557
btc,2019-09-08,17923942.32215557
btc,2019-09-09,17925767.32215557
btc,2019-09-10,17928042.32215557
btc,2019-09-11,17930342.32210557
btc,2019-09-12,17932317.32210557
btc,2019-09-13,17934192.32210557
btc,2019-09-14,17936129.82210557
btc,2019-09-15,17937967.32210557
btc,2019-09-16,17940004.82210557
btc,2019-09-17,17941854.82210557
btc,2019-09-18,17944029.82210557
btc,2019-09-19,17945879.82209557
btc,2019-09-20,17947767.32208465
btc,2019-09-21,17949842.32208465
btc,2019-09-22,17951917.32208465
btc,2019-09-23,17953342.32208465
btc,2019-09-24,17955304.82207373
btc,2019-09-25,17957254.82207373
btc,2019-09-26,17959392.32206827
btc,2019-09-27,17961042.32206827
btc,2019-09-28,17963029.82206827
btc,2019-09-29,17964729.82206827
btc,2019-09-30,17966354.82206827
btc,2019-10-01,17968142.32206827
btc,2019-10-02,17969992.32203627
btc,2019-10-03,17971829.82203627
btc,2019-10-04,17973667.32203081
btc,2019-10-05,17975642.32202535
btc,2019-10-06,17977504.82202535
btc,2019-10-07,17979442.32202535
btc,2019-10-08,17981467.32200351
btc,2019-10-09,17983192.32200351
btc,2019-10-10,17985217.32200351
btc,2019-10-11,17987167.32198713
btc,2019-10-12,17988829.82195437
btc,2019-10-13,17990604.82195437
btc,2019-10-14,17992292.32194891
btc,2019-10-15,17994204.82194345
btc,2019-10-16,17995992.32193794
btc,2019-10-17,17997867.32193248
btc,2019-10-18,17999867.32192702
btc,2019-10-19,18001642.32192701
btc,2019-10-20,18003467.321927
btc,2019-10-21,18005454.82192154
btc,2019-10-22,18007567.32188878
btc,2019-10-23,18009667.32188878
btc,2019-10-24,18011329.82185602
btc,2019-10-25,18013054.82182326
btc,2019-10-26,18014804.82182326
btc,2019-10-27,18016242.32182326
btc,2019-10-28,18017917.32180779
btc,2019-10-29,18019579.82177503
btc,2019-10-30,18021254.82176957
btc,2019-10-31,18022904.82176411
btc,2019-11-01,18024529.82176411
btc,2019-11-02,18026204.82176411
btc,2019-11-03,18027929.82176411
btc,2019-11-04,18029579.82175865
btc,2019-11-05,18031379.82171589
btc,2019-11-06,18033029.82168313
btc,2019-11-07,18034717.32167767
btc,2019-11-08,18036317.32167221
btc,2019-11-09,18038117.32167221
btc,2019-11-10,18040192.32167221
btc,2019-11-11,18042079.82166675
btc,2019-11-12,18043767.32166129
btc,2019-11-13,18045454.82165583
btc,2019-11-14,18047567.32165037
btc,2019-11-15,18049542.32164491
btc,2019-11-16,18051392.32164491
btc,2019-11-17,18053317.32164491
btc,2019-11-18,18055067.32163945
btc,2019-11-19,18056904.82163399
btc,2019-11-20,18058679.82163399
btc,2019-11-21,18060392.32162853
btc,2019-11-22,18062042.32162307
btc,2019-11-23,18064204.82162307
btc,2019-11-24,18065842.32162307
btc,2019-11-25,18067404.82162307
btc,2019-11-26,18068929.82162307
btc,2019-11-27,18070667.32161215
btc,2019-11-28,18072704.82160669
btc,2019-11-29,18074404.82160669
btc,2019-11-30,18075979.82160668
btc,2019-12-01,18077717.32160668
btc,2019-12-02,18079529.82160122
btc,2019-12-03,18081504.82160122
btc,2019-12-04,18083592.32159576
btc,2019-12-05,18085404.8215903
btc,2019-12-06,18087217.32158484
btc,2019-12-07,18089154.82158484
btc,2019-12-08,18091004.82158484
btc,2019-12-09,18092854.82157938
btc,2019-12-10,18094704.82154116
btc,2019-12-11,18096354.8215357
btc,2019-12-12,18098017.32153024
btc,2019-12-13,18099917.32152478
btc,2019-12-14,18101804.82151478
btc,2019-12-15,18103354.82144478
btc,2019-12-16,18105317.32143932
btc,2019-12-17,18107079.82143386
btc,2019-12-18,18108754.8214284
btc,2019-12-19,18110717.32142294
btc,2019-12-20,18112667.32141748
btc,2019-12-21,18114867.32141748
btc,2019-12-22,18116979.82141748
btc,2019-12-23,18118767.32141202
btc,2019-12-24,18120329.82140656
btc,2019-12-25,18121929.82140656
btc,2019-12-26,18124017.32140656
btc,2019-12-27,18125829.8214011
btc,2019-12-28,18127692.3214011
btc,2019-12-29,18129629.8214011
btc,2019-12-30,18131704.82139564
btc,2019-12-31,18133517.32139018
btc,2020-01-01,18135692.32139018
btc,2020-01-02,18137454.82135472
btc,2020-01-03,18139567.32134926
btc,2020-01-04,18141667.32134926
btc,2020-01-05,18143704.82134926
btc,2020-01-06,18145392.3213438
btc,2020-01-07,18147592.32133834
btc,2020-01-08,18149367.32133834
btc,2020-01-09,18151329.82132742
btc,2020-01-10,18153192.32132196
btc,2020-01-11,18155229.82132196
btc,2020-01-12,18157117.32132196
btc,2020-01-13,18158904.82132196
btc,2020-01-14,18160717.3213165
btc,2020-01-15,18162604.82130558
btc,2020-01-16,18164592.32130012
btc,2020-01-17,18166579.82129466
btc,2020-01-18,18168229.82129466
btc,2020-01-19,18170104.82129466
btc,2020-01-20,18172004.8212692
btc,2020-01-21,18173917.3212692
btc,2020-01-22,18175867.32126374
btc,2020-01-23,18177854.82126374
btc,2020-01-24,18179754.82125828
btc,2020-01-25,18181804.82125828
btc,2020-01-26,18183592.32125828
btc,2020-01-27,18185204.82125828
btc,2020-01-28,18186979.82125282
btc,2020-01-29,18188979.82125282
btc,2020-01-30,18190929.82124736
btc,2020-01-31,18192729.82124736
btc,2020-02-01,18194617.3212419
btc,2020-02-02,18196404.8212419
btc,2020-02-03,18198254.8212419
btc,2020-02-04,18199904.8212409
btc,2020-02-05,18201892.3212109
btc,2020-02-06,18203579.8212109
btc,2020-02-07,18205317.32121089
btc,2020-02-08,18207054.82121089
btc,2020-02-09,18208967.32121089
btc,2020-02-10,18210492.32121089
btc,2020-02-11,18212342.32121089
btc,2020-02-12,18214117.32121089
btc,2020-02-13,18215879.82121089
btc,2020-02-14,18217567.32121089
btc,2020-02-15,18219342.32121089
btc,2020-02-16,18221117.32121089
btc,2020-02-17,18223079.82121089
btc,2020-02-18,18224954.82121089
btc,2020-02-19,18226717.32121089
btc,2020-02-20,18228292.32121089
btc,2020-02-21,18230217.32121089
btc,2020-02-22,18232067.32120809
btc,2020-02-23,18233842.32120809
btc,2020-02-24,18235604.82120809
btc,2020-02-25,18237404.82120263
btc,2020-02-26,18239104.82120263
btc,2020-02-27,18240942.32120263
btc,2020-02-28,18242917.32120263
btc,2020-02-29,18244654.8212026
btc,2020-03-01,18246867.32120187
btc,2020-03-02,18248729.82116911
btc,2020-03-03,18250642.32116365
btc,2020-03-04,18252729.82115819
btc,2020-03-05,18254767.32115273
btc,2020-03-06,18256704.82114727
btc,2020-03-07,18258667.32114727
btc,2020-03-08,18260642.32114727
btc,2020-03-09,18262517.32111181
btc,2020-03-10,18264167.32111181
btc,2020-03-11,18265654.82111181
btc,2020-03-12,18267542.32111181
btc,2020-03-13,18269104.82111181
btc,2020-03-14,18270704.82107905
btc,2020-03-15,18272192.32107905
btc,2020-03-16,18273679.82107905
btc,2020-03-17,18275217.32107359
btc,2020-03-18,18276467.32104359
btc,2020-03-19,18277804.82103267
btc,2020-03-20,18279167.32100537
btc,2020-03-21,18280717.32099991
btc,2020-03-22,18282304.82099991
btc,2020-03-23,18283704.82099991
btc,2020-03-24,18285354.82099991
btc,2020-03-25,18286504.82099991
btc,2020-03-26,18288504.82096715
btc,2020-03-27,18290442.32096169
btc,2020-03-28,18292129.82096169
btc,2020-03-29,18294017.32096169
btc,2020-03-30,18295854.82095623
btc,2020-03-31,18297842.32092347
btc,2020-04-01,18299754.82092347
btc,2020-04-02,18301667.32089617
btc,2020-04-03,18303317.32089071
btc,2020-04-04,18305279.82089071
btc,2020-04-05,18307467.32089071
btc,2020-04-06,18309067.32088525
btc,2020-04-07,18311167.32085239
btc,2020-04-08,18312967.32084693
btc,2020-04-09,18314892.32084693
btc,2020-04-10,18316929.82084693
btc,2020-04-11,18318917.32084693
btc,2020-04-12,18320829.82084693
btc,2020-04-13,18322967.32084693
btc,2020-04-14,18325067.32084693
btc,2020-04-15,18327179.82081963
btc,2020-04-16,18329104.82081895
btc,2020-04-17,18330692.32081895
btc,2020-04-18,18332667.32081895
btc,2020-04-19,18334567.32081895
btc,2020-04-20,18336579.82081895
btc,2020-04-21,18338442.32081895
btc,2020-04-22,18340079.82081895
btc,2020-04-23,18341854.82081895
btc,2020-04-24,18343654.82081895
btc,2020-04-25,18345354.82081895
btc,2020-04-26,18347067.32081895
btc,2020-04-27,18348829.82081895
btc,2020-04-28,18350754.82081895
btc,2020-04-29,18352567.32081895
btc,2020-04-30,18354254.82081895
btc,2020-05-01,18356017.32081895
btc,2020-05-02,18357867.32081895
btc,2020-05-03,18359967.32081895
btc,2020-05-04,18361942.32079165
btc,2020-05-05,18363917.32079165
btc,2020-05-06,18365842.32079165
btc,2020-05-07,18367679.82079165
btc,2020-05-08,18369392.32079165
btc,2020-05-09,18371092.32078165
btc,2020-05-10,18373217.32078165
btc,2020-05-11,18374998.57078164
btc,2020-05-12,18375911.07078164
btc,2020-05-13,18376654.82078164
btc,2020-05-14,18377367.32078164
btc,2020-05-15,18378148.57078164
btc,2020-05-16,18378936.07078164
btc,2020-05-17,18379573.57078164
btc,2020-05-18,18380373.57078164
btc,2020-05-19,18381092.32078164
btc,2020-05-20,18381811.07078164
btc,2020-05-21,18382629.82077618
btc,2020-05-22,18383323.57077071
btc,2020-05-23,18384067.32076525
btc,2020-05-24,18384792.32076525
btc,2020-05-25,18385573.57076525
btc,2020-05-26,18386348.57076525
btc,2020-05-27,18387211.07074865
btc,2020-05-28,18388029.82074308
btc,2020-05-29,18388823.57074308
btc,2020-05-30,18389798.57073751
btc,2020-05-31,18390736.07073751
btc,2020-06-01,18391573.57071021
btc,2020-06-02,18392379.82071021
btc,2020-06-03,18393248.57070464
btc,2020-06-04,18394192.32069918
btc,2020-06-05,18395311.07069918
btc,2020-06-06,18396536.07068826
btc,2020-06-07,18397529.82066096
btc,2020-06-08,18398542.32066096
btc,2020-06-09,18399542.32066096
btc,2020-06-10,18400567.32063366
btc,2020-06-11,18401723.57060636
btc,2020-06-12,18402742.32057906
btc,2020-06-13,18403729.82057906
btc,2020-06-14,18404792.32057906
btc,2020-06-15,18405654.82057906
btc,2020-06-16,18406592.32057906
btc,2020-06-17,18407454.82057906
btc,2020-06-18,18408223.57057906
btc,2020-06-19,18409117.32057906
btc,2020-06-20,18409973.57057906
btc,2020-06-21,18410886.07056268
btc,2020-06-22,18411779.82056268
btc,2020-06-23,18412767.32056268
btc,2020-06-24,18413636.07056268
btc,2020-06-25,18414517.32056268
btc,2020-06-26,18415542.32053538
btc,2020-06-27,18416404.82053538
btc,2020-06-28,18417342.32053538
btc,2020-06-29,18418248.57053537
btc,2020-06-30,18419167.32053537
btc,2020-07-01,18420179.82050807
btc,2020-07-02,18421204.82048077
btc,2020-07-03,18422223.57048077
btc,2020-07-04,18423204.82048077
btc,2020-07-05,18424223.57048075
btc,2020-07-06,18425186.07048075
btc,2020-07-07,18426192.32044799
btc,2020-07-08,18427136.07044799
btc,2020-07-09,18428161.07044799
btc,2020-07-10,18429167.32044799
btc,2020-07-11,18430142.32044799
btc,2020-07-12,18431092.32044799
btc,2020-07-13,18432011.07044799
btc,2020-07-14,18432911.07042069
btc,2020-07-15,18433773.57040977
btc,2020-07-16,18434623.57040977
btc,2020-07-17,18435361.07037701
btc,2020-07-18,18436173.57037155
btc,2020-07-19,18436992.32037155
btc,2020-07-20,18437873.57037155
btc,2020-07-21,18438654.82035517
btc,2020-07-22,18439554.82031695
btc,2020-07-23,18440404.82031149
btc,2020-07-24,18441411.04295689
btc,2020-07-25,18442298.46415089
btc,2020-07-26,18443285.90973289
btc,2020-07-27,18444217.12879289
btc,2020-07-28,18445123.37879289
btc,2020-07-29,18446048.37875467
btc,2020-07-30,18446892.12875467
btc,2020-07-31,18447848.37875467
btc,2020-08-01,18448704.62875467
btc,2020-08-02,18449585.87873375
btc,2020-08-03,18450598.37871637
btc,2020-08-04,18451504.62871091
btc,2020-08-05,18452310.87871091
btc,2020-08-06,18453285.87871091
btc,2020-08-07,18454235.87870545
btc,2020-08-08,18455123.37870545
btc,2020-08-09,18456098.37870545
btc,2020-08-10,18456954.62870545
btc,2020-08-11,18457917.12870545
btc,2020-08-12,18458898.37870545
btc,2020-08-13,18459817.12870112
btc,2020-08-14,18460860.87865277
btc,2020-08-15,18461835.87865277
btc,2020-08-16,18462785.87865277
btc,2020-08-17,18463567.12865277
btc,2020-08-18,18464442.12865277
btc,2020-08-19,18465304.62862001
btc,2020-08-20,18466217.12861455
btc,2020-08-21,18467185.87857087
btc,2020-08-22,18468035.87855438
btc,2020-08-23,18469017.12855438
btc,2020-08-24,18469948.37854892
btc,2020-08-25,18470748.37854892
btc,2020-08-26,18471635.87854892
btc,2020-08-27,18472442.12854892
btc,2020-08-28,18473460.87852162
btc,2020-08-29,18474373.37852162
btc,2020-08-30,18475167.12852162
btc,2020-08-31,18476104.62852162
btc,2020-09-01,18477067.12852162
btc,2020-09-02,18477967.12852162
btc,2020-09-03,18478773.37852162
btc,2020-09-04,18479617.12852162
btc,2020-09-05,18480498.37849432
btc,2020-09-06,18481435.87849432
btc,2020-09-07,18482529.62849432
btc,2020-09-08,18483498.37849432
btc,2020-09-09,18484429.6284834
btc,2020-09-10,18485417.12847248
btc,2020-09-11,18486279.62847248
btc,2020-09-12,18487342.12847248
btc,2020-09-13,18488354.62847248
btc,2020-09-14,18489454.62847248
btc,2020-09-15,18490429.62847248
btc,2020-09-16,18491398.37846702
btc,2020-09-17,18492510.87846702
btc,2020-09-18,18493542.12846213
btc,2020-09-19,18494473.37844029
btc,2020-09-20,18495360.87782331
btc,2020-09-21,18496267.12781785
btc,2020-09-22,18497073.37781785
btc,2020-09-23,18497960.87781785
btc,2020-09-24,18498817.12781785
btc,2020-09-25,18499873.37744111
btc,2020-09-26,18500810.87720381
btc,2020-09-27,18501760.87680381
btc,2020-09-28,18502567.12650381
btc,2020-09-29,18503448.37650381
btc,2020-09-30,18504423.37650371
btc,2020-10-01,18505198.37650371
btc,2020-10-02,18506048.37649825
btc,2020-10-03,18506992.12649825
btc,2020-10-04,18507979.62649825
btc,2020-10-05,18508854.62649825
btc,2020-10-06,18509667.12649825
btc,2020-10-07,18510610.87649825
btc,2020-10-08,18511623.37649825
btc,2020-10-09,18512509.88549825
btc,2020-10-10,18513403.11999825
btc,2020-10-11,18514275.70034825
btc,2020-10-12,18515205.2681668
btc,2020-10-13,18516242.24390416
btc,2020-10-14,18517173.47788756
btc,2020-10-15,18518117.22786026
btc,2020-10-16,18519085.97786026
btc,2020-10-17,18520067.22786026
btc,2020-10-18,18520817.22786026
btc,2020-10-19,18521598.47786026
btc,2020-10-20,18522498.47786026
btc,2020-10-21,18523310.97786026
btc,2020-10-22,18524167.22786026
btc,2020-10-23,18524983.98986026
btc,2020-10-24,18525933.98986026
btc,2020-10-25,18526665.23986026
btc,2020-10-26,18527352.73986026
btc,2020-10-27,18527971.48986026
btc,2020-10-28,18528596.48986026
btc,2020-10-29,18529271.48986026
btc,2020-10-30,18529965.23986026
btc,2020-10-31,18530671.4793548
btc,2020-11-01,18531452.69451533
btc,2020-11-02,18532046.44451533
btc,2020-11-03,18532921.44450987
btc,2020-11-04,18533915.19447165
btc,2020-11-05,18534833.94446619
btc,2020-11-06,18535790.19446619
btc,2020-11-07,18536702.69446619
btc,2020-11-08,18537565.19446619
btc,2020-11-09,18538721.44446619
btc,2020-11-10,18539640.19446619
btc,2020-11-11,18540558.94446619
btc,2020-11-12,18541558.94446073
btc,2020-11-13,18542427.69444435
btc,2020-11-14,18543315.19444435
btc,2020-11-15,18544252.69444435
btc,2020-11-16,18545252.69444435
btc,2020-11-17,18546233.94441705
btc,2020-11-18,18547290.19441705
btc,2020-11-19,18548146.44441705
btc,2020-11-20,18549196.44441705
btc,2020-11-21,18550252.69441705
btc,2020-11-22,18551340.19441705
btc,2020-11-23,18552258.94441705
btc,2020-11-24,18553108.94441159
btc,2020-11-25,18554077.69432969
btc,2020-11-26,18555015.19365265
btc,2020-11-27,18555977.69336873
btc,2020-11-28,18556940.19336873
btc,2020-11-29,18557877.69336327
btc,2020-11-30,18558583.94336327
btc,2020-12-01,18559533.94335235
btc,2020-12-02,18560352.69335235
btc,2020-12-03,18561333.94332505
btc,2020-12-04,18562233.94329229
btc,2020-12-05,18563133.94323769
btc,2020-12-06,18563983.94323769
btc,2020-12-07,18564921.44323769
btc,2020-12-08,18565821.44319947
btc,2020-12-09,18566690.19319947
btc,2020-12-10,18567502.69303395
btc,2020-12-11,18568365.19291929
btc,2020-12-12,18569190.19269543
btc,2020-12-13,18570165.19261899
btc,2020-12-14,18571071.44259715
btc,2020-12-15,18571946.44259715
btc,2020-12-16,18572840.19259715
btc,2020-12-17,18573646.44259715
btc,2020-12-18,18574627.69259715
btc,2020-12-19,18575615.19255893
btc,2020-12-20,18576558.94252071
btc,2020-12-21,18577408.94250433
btc,2020-12-22,18578302.69249341
btc,2020-12-23,18579265.19248795
btc,2020-12-24,18580052.69248795
btc,2020-12-25,18580952.69248795
btc,2020-12-26,18581808.94247703
btc,2020-12-27,18582733.94247703
btc,2020-12-28,18583733.94247703
btc,2020-12-29,18584683.94247703
btc,2020-12-30,18585758.94247703
btc,2020-12-31,18586796.44247703
btc,2021-01-01,18587727.69247703
btc,2021-01-02,18588671.44247703
btc,2021-01-03,18589658.94247703
btc,2021-01-04,18590740.19247703
btc,2021-01-05,18591721.44241151
btc,2021-01-06,18592827.69241151
btc,2021-01-07,18593877.69238421
btc,2021-01-08,18594802.69238421
btc,2021-01-09,18595671.44238421
btc,2021-01-10,18596665.19238421
btc,2021-01-11,18597627.69238421
btc,2021-01-12,18598552.69235145
btc,2021-01-13,18599502.69235145
btc,2021-01-14,18600421.44232415
btc,2021-01-15,18601390.19232415
btc,2021-01-16,18602308.94228047
btc,2021-01-17,18603140.19158081
btc,2021-01-18,18604046.44158081
btc,2021-01-19,18604977.69158081
btc,2021-01-20,18605858.94155351
btc,2021-01-21,18606665.19154805
btc,2021-01-22,18607546.44154805
btc,2021-01-23,18608521.44154805
btc,2021-01-24,18609390.19154805
btc,2021-01-25,18610265.19154805
btc,2021-01-26,18611271.44153713
btc,2021-01-27,18612158.94153713
btc,2021-01-28,18613065.19153713
btc,2021-01-29,18614015.19153712
btc,2021-01-30,18614865.19153712
btc,2021-01-31,18615765.19153712
btc,2021-02-01,18616508.94150982
btc,2021-02-02,18617465.19150436
btc,2021-02-03,18618402.69150435
btc,2021-02-04,18619402.69150435
btc,2021-02-05,18620458.89630735
btc,2021-02-06,18621452.52046635
btc,2021-02-07,18622427.52046635
btc,2021-02-08,18623440.02046635
btc,2021-02-09,18624333.77046635
btc,2021-02-10,18625227.52046635
btc,2021-02-11,18626033.77046635
btc,2021-02-12,18626921.25844379
btc,2021-02-13,18627899.91744133
btc,2021-02-14,18628821.36853781
btc,2021-02-15,18629769.49477421
btc,2021-02-16,18630524.85277421
btc,2021-02-17,18631385.96697421
btc,2021-02-18,18632239.87172421
btc,2021-02-19,18633196.08170618
btc,2021-02-20,18634108.55512618
btc,2021-02-21,18634989.27512617
btc,2021-02-22,18635820.52512617
btc,2021-02-23,18636614.27512617
btc,2021-02-24,18637607.40012617
btc,2021-02-25,18638582.40012617
btc,2021-02-26,18639451.13009887
btc,2021-02-27,18640432.38009887
btc,2021-02-28,18641251.13009877
btc,2021-03-01,18642063.63009877
btc,2021-03-02,18642957.38009877
btc,2021-03-03,18643907.38009877
btc,2021-03-04,18644707.38007147
btc,2021-03-05,18645638.63007147
btc,2021-03-06,18646588.63007147
btc,2021-03-07,18647501.13007147
btc,2021-03-08,18648469.88007147
btc,2021-03-09,18649344.88006601
btc,2021-03-10,18650276.13006601
btc,2021-03-11,18651101.13006601
btc,2021-03-12,18652038.63006601
btc,2021-03-13,18652932.38006601
btc,2021-03-14,18653913.630066
btc,2021-03-15,18654838.630066
btc,2021-03-16,18655769.88006054
btc,2021-03-17,18656619.88006054
btc,2021-03-18,18657569.88006054
btc,2021-03-19,18658494.88006054
btc,2021-03-20,18659457.38006054
btc,2021-03-21,18660432.38005508
btc,2021-03-22,18661376.13005508
btc,2021-03-23,18662382.38005508
btc,2021-03-24,18663332.38005508
btc,2021-03-25,18664294.88004862
btc,2021-03-26,18665144.88004862
btc,2021-03-27,18666138.63004862
btc,2021-03-28,18667132.38004862
btc,2021-03-29,18668076.13004862
btc,2021-03-30,18668988.63004316
btc,2021-03-31,18669969.87932678
btc,2021-04-01,18670876.12932678
btc,2021-04-02,18671751.12932678
btc,2021-04-03,18672569.87932678
btc,2021-04-04,18673482.37932678
btc,2021-04-05,18674457.37932678
btc,2021-04-06,18675357.37932678
btc,2021-04-07,18676338.62932678
btc,2021-04-08,18677176.12932678
btc,2021-04-09,18678126.12932678
btc,2021-04-10,18679107.37932132
btc,2021-04-11,18680013.62932132
btc,2021-04-12,18680913.55832031
btc,2021-04-13,18681801.00252031
btc,2021-04-14,18682644.71851931
btc,2021-04-15,18683719.50551931
btc,2021-04-16,18684363.25551931
btc,2021-04-17,18684932.00551931
btc,2021-04-18,18685707.00551931
btc,2021-04-19,18686313.25551931
btc,2021-04-20,18687113.25551931
btc,2021-04-21,18687744.50551931
btc,2021-04-22,18688638.25551931
btc,2021-04-23,18689482.00551385
btc,2021-04-24,18690387.98110839
btc,2021-04-25,18691269.23110839
btc,2021-04-26,18691981.63110839
btc,2021-04-27,18692869.13110839
btc,2021-04-28,18693756.63110839
btc,2021-04-29,18694519.13110839
btc,2021-04-30,18695425.38110838
btc,2021-05-01,18696294.13110838
btc,2021-05-02,18697450.38110838
btc,2021-05-03,18698556.54793575
btc,2021-05-04,18699687.79793575
btc,2021-05-05,18700669.04793575
btc,2021-05-06,18701731.54793575
btc,2021-05-07,18702806.54793575
btc,2021-05-08,18703875.29793575
btc,2021-05-09,18705037.79793575
btc,2021-05-10,18706162.79793575
btc,2021-05-11,18707237.79793575
btc,2021-05-12,18708312.79793575
btc,2021-05-13,18709319.04793575
btc,2021-05-14,18710156.54793575
btc,2021-05-15,18710925.29793575
btc,2021-05-16,18711750.29793575
btc,2021-05-17,18712506.54793575
btc,2021-05-18,18713131.54793575
btc,2021-05-19,18713912.79793575
btc,2021-05-20,18714612.79793575
btc,2021-05-21,18715300.29793575
btc,2021-05-22,18716025.29793575
btc,2021-05-23,18716769.04793575
btc,2021-05-24,18717556.29293575
btc,2021-05-25,18718325.04293575
btc,2021-05-26,18719087.54293575
btc,2021-05-27,18719818.79293575
btc,2021-05-28,18720562.54293575
btc,2021-05-29,18721287.54293575
btc,2021-05-30,18722187.54293575
btc,2021-05-31,18723068.79293575
btc,2021-06-01,18723956.29293575
btc,2021-06-02,18724993.79293575
btc,2021-06-03,18725912.54293575
btc,2021-06-04,18726731.29293575
btc,2021-06-05,18727550.0429314
btc,2021-06-06,18728487.5429314
btc,2021-06-07,18729318.7929314
btc,2021-06-08,18730250.0429314
btc,2021-06-09,18731037.5429314
btc,2021-06-10,18731775.0429314
btc,2021-06-11,18732431.2929314
btc,2021-06-12,18733256.2929314
btc,2021-06-13,18734081.2929314
btc,2021-06-14,18734925.0429314
btc,2021-06-15,18735743.7929314
btc,2021-06-16,18736512.5429314
btc,2021-06-17,18737325.0429314
btc,2021-06-18,18738100.0429314
btc,2021-06-19,18738743.7929314
btc,2021-06-20,18739400.0429314
btc,2021-06-21,18740056.2929314
btc,2021-06-22,18740625.0429314
btc,2021-06-23,18741256.2929314
btc,2021-06-24,18741912.5429314
btc,2021-06-25,18742600.0429314
btc,2021-06-26,18743156.2929314
btc,2021-06-27,18743518.7929314
btc,2021-06-28,18744068.7929314
btc,2021-06-29,18744631.2929314
btc,2021-06-30,18745181.2929314
btc,2021-07-01,18745781.2929314
btc,2021-07-02,18746343.7929314
btc,2021-07-03,18747137.5429314
btc,2021-07-04,18747856.2929314
btc,2021-07-05,18748681.2929314
btc,2021-07-06,18749568.7929314
btc,2021-07-07,18750337.5429314
btc,2021-07-08,18751206.2929314
btc,2021-07-09,18752025.0429314
btc,2021-07-10,18753031.2929314
btc,2021-07-11,18753812.5429314
btc,2021-07-12,18754600.04292919
btc,2021-07-13,18755450.04292919
btc,2021-07-14,18756512.54292919
btc,2021-07-15,18757312.54292917
btc,2021-07-16,18758250.04292917
btc,2021-07-17,18759143.79292917
btc,2021-07-18,18760043.79292917
btc,2021-07-19,18761106.29292917
btc,2021-07-20,18761868.79292917
btc,2021-07-21,18762775.04292917
btc,2021-07-22,18763731.29292371
btc,2021-07-23,18764575.04290733
btc,2021-07-24,18765537.54290733
btc,2021-07-25,18766493.79290733
btc,2021-07-26,18767431.29289095
btc,2021-07-27,18768493.79284727
btc,2021-07-28,18769475.04284727
btc,2021-07-29,18770475.04284181
btc,2021-07-30,18771512.54282543
btc,2021-07-31,18772500.04282543
btc,2021-08-01,18773462.54282542
btc,2021-08-02,18774356.29282542
btc,2021-08-03,18775412.5428145
btc,2021-08-04,18776262.5428145
btc,2021-08-05,18777262.54279812
btc,2021-08-06,18778256.29279812
btc,2021-08-07,18779300.04279812
btc,2021-08-08,18780287.54279812
btc,2021-08-09,18781237.54278174
btc,2021-08-10,18782268.79278174
btc,2021-08-11,18783187.54277628
btc,2021-08-12,18784131.29277628
btc,2021-08-13,18785018.79277628
btc,2021-08-14,18786043.79277628
btc,2021-08-15,18787181.29277628
btc,2021-08-16,18788187.54277082
btc,2021-08-17,18789262.54277082
btc,2021-08-18,18790106.29276536
btc,2021-08-19,18791068.79275444
btc,2021-08-20,18792068.79275444
btc,2021-08-21,18793131.29275444
btc,2021-08-22,18794156.29275444
btc,2021-08-23,18795387.54263694
btc,2021-08-24,18796350.04263148
btc,2021-08-25,18797350.04262602
btc,2021-08-26,18798262.54260418
btc,2021-08-27,18799175.04259326
btc,2021-08-28,18800056.29259326
btc,2021-08-29,18801031.29259326
btc,2021-08-30,18801875.04259326
btc,2021-08-31,18802775.04259326
btc,2021-09-01,18803631.2925878
btc,2021-09-02,18804562.5425878
btc,2021-09-03,18805487.54258234
btc,2021-09-04,18806456.29258234
btc,2021-09-05,18807481.29258234
btc,2021-09-06,18808556.29258234
btc,2021-09-07,18809512.54258234
btc,2021-09-08,18810400.04258234
btc,2021-09-09,18811256.29258234
btc,2021-09-10,18812106.29258234
btc,2021-09-11,18813031.29249204
btc,2021-09-12,18813950.04249204
btc,2021-09-13,18814943.79249204
btc,2021-09-14,18815993.79248658
btc,2021-09-15,18816881.29248658
btc,2021-09-16,18817731.29248658
btc,2021-09-17,18818650.04248658
btc,2021-09-18,18819618.79248658
btc,2021-09-19,18820618.79248658
btc,2021-09-20,18821643.79247566
btc,2021-09-21,18822412.54247566
btc,2021-09-22,18823250.04247566
btc,2021-09-23,18824281.29247566
btc,2021-09-24,18825206.29247566
btc,2021-09-25,18826106.29247566
btc,2021-09-26,18826975.04247566
btc,2021-09-27,18827943.79247566
btc,2021-09-28,18828893.79247546
btc,2021-09-29,18829706.29247546
btc,2021-09-30,18830775.04247
btc,2021-10-01,18831650.04246454
btc,2021-10-02,18832825.04246454
btc,2021-10-03,18833762.54246454
btc,2021-10-04,18834737.54246454
btc,2021-10-05,18835762.54246454
btc,2021-10-06,18836581.29246454
btc,2021-10-07,18837462.54246454
btc,2021-10-08,18838212.54245908
btc,2021-10-09,18839150.04245908
btc,2021-10-10,18840143.79245908
btc,2021-10-11,18841056.29245908
btc,2021-10-12,18841893.79244924
btc,2021-10-13,18842950.04244924
btc,2021-10-14,18843806.29244378
btc,2021-10-15,18844687.54244378
btc,2021-10-16,18845518.79244378
btc,2021-10-17,18846518.79244378
btc,2021-10-18,18847443.79243407
btc,2021-10-19,18848412.54243407
btc,2021-10-20,18849343.79242861
btc,2021-10-21,18850268.79242861
btc,2021-10-22,18851256.29242861
btc,2021-10-23,18852162.54242861
btc,2021-10-24,18853118.79242861
btc,2021-10-25,18854256.29242861
btc,2021-10-26,18855193.79242861
btc,2021-10-27,18856175.04242861
btc,2021-10-28,18857131.29242861
btc,2021-10-29,18858200.04242861
btc,2021-10-30,18859168.79242861
btc,2021-10-31,18860037.54242861
btc,2021-11-01,18860962.54242861
btc,2021-11-02,18861950.04242861
btc,2021-11-03,18862956.29242861
btc,2021-11-04,18863850.04240677
btc,2021-11-05,18864818.79240131
btc,2021-11-06,18865781.29239585
btc,2021-11-07,18866737.54238493
btc,2021-11-08,18867581.29235763
btc,2021-11-09,18868531.29235763
btc,2021-11-10,18869462.54235217
btc,2021-11-11,18870450.04234217
btc,2021-11-12,18871337.54234217
btc,2021-11-13,18872293.79234217
btc,2021-11-14,18873275.04232217
btc,2021-11-15,18874218.79229487
btc,2021-11-16,18875156.29229487
btc,2021-11-17,18876087.54229487
btc,2021-11-18,18876987.54229487
btc,2021-11-19,18877843.79229487
btc,2021-11-20,18878750.04229487
btc,2021-11-21,18879575.04229487
btc,2021-11-22,18880456.29229487
btc,2021-11-23,18881281.29229487
btc,2021-11-24,18882262.54229487
btc,2021-11-25,18883075.04229487
btc,2021-11-26,18883900.04229487
btc,2021-11-27,18884793.79229487
btc,2021-11-28,18885662.54229487
btc,2021-11-29,18886556.29228941
btc,2021-11-30,18887393.79228941
btc,2021-12-01,18888250.04228941
btc,2021-12-02,18889218.79228941
btc,2021-12-03,18890268.79228941
btc,2021-12-04,18891237.54228941
btc,2021-12-05,18892275.04228941
btc,2021-12-06,18893350.04228941
btc,2021-12-07,18894312.54228395
btc,2021-12-08,18895362.54168395
btc,2021-12-09,18896381.29158394
btc,2021-12-10,18897356.29157302
btc,2021-12-11,18898300.04157302
btc,2021-12-12,18899175.04157302
btc,2021-12-13,18900056.29156756
btc,2021-12-14,18900981.29156756
btc,2021-12-15,18901862.54156756
btc,2021-12-16,18902581.29156756
btc,2021-12-17,18903512.54156756
btc,2021-12-18,18904312.54156756
btc,2021-12-19,18905243.7915621
btc,2021-12-20,18906143.79155118
btc,2021-12-21,18907150.04155118
btc,2021-12-22,18908075.0415348
btc,2021-12-23,18909025.04151842
btc,2021-12-24,18909968.79150204
btc,2021-12-25,18910887.54150204
btc,2021-12-26,18911725.04150204
btc,2021-12-27,18912650.04150204
btc,2021-12-28,18913487.54146382
btc,2021-12-29,18914393.79143106
btc,2021-12-30,18915137.54143106
btc,2021-12-31,18916068.79143106
btc,2022-01-01,18917143.79143106
btc,2022-01-02,18918131.29143106
btc,2022-01-03,18919006.29142014
btc,2022-01-04,18919925.04140376
btc,2022-01-05,18920862.541371
btc,2022-01-06,18921775.04133824
btc,2022-01-07,18922650.0413164
btc,2022-01-08,18923550.0413164
btc,2022-01-09,18924431.2913164
btc,2022-01-10,18925318.79130548
btc,2022-01-11,18926306.29127818
btc,2022-01-12,18927175.04123996
btc,2022-01-13,18928293.79122904
btc,2022-01-14,18929287.5412072
btc,2022-01-15,18930325.0412072
btc,2022-01-16,18931418.79120174
btc,2022-01-17,18932425.04117444
btc,2022-01-18,18933275.04116898
btc,2022-01-19,18934356.29114714
btc,2022-01-20,18935412.54111984
btc,2022-01-21,18936250.04108254
btc,2022-01-22,18937087.54107708
btc,2022-01-23,18937968.79106616
btc,2022-01-24,18938906.29103886
btc,2022-01-25,18939856.29101156
btc,2022-01-26,18940668.79099518
btc,2022-01-27,18941487.54096788
btc,2022-01-28,18942450.04093512
btc,2022-01-29,18943381.29091874
btc,2022-01-30,18944293.79091328
btc,2022-01-31,18945187.54090782
btc,2022-02-01,18946150.04088598
btc,2022-02-02,18947106.29086414
btc,2022-02-03,18948025.04082046
btc,2022-02-04,18948837.54080408
btc,2022-02-05,18949581.29079862
btc,2022-02-06,18950556.29079862
btc,2022-02-07,18951406.2907877
btc,2022-02-08,18952368.79077678
btc,2022-02-09,18953243.79075494
btc,2022-02-10,18954162.54074948
btc,2022-02-11,18955050.0407331
btc,2022-02-12,18956215.09959684
btc,2022-02-13,18957202.59959684
btc,2022-02-14,18958158.84958046
btc,2022-02-15,18959252.59955316
btc,2022-02-16,18960227.59953132
btc,2022-02-17,18961208.84950948
btc,2022-02-18,18962042.18177205
btc,2022-02-19,18962973.43176113
btc,2022-02-20,18963873.43176113
btc,2022-02-21,18964642.18175567
btc,2022-02-22,18965592.18172837
btc,2022-02-23,18966529.68169015
btc,2022-02-24,18967354.68166434
btc,2022-02-25,18968192.18162065
btc,2022-02-26,18968973.43159881
btc,2022-02-27,18969823.43158243
btc,2022-02-28,18970785.93155513
btc,2022-03-01,18971798.43154967
btc,2022-03-02,18972648.43151145
btc,2022-03-03,18973573.43147869
btc,2022-03-04,18974442.18146231
btc,2022-03-05,18975210.93144047
btc,2022-03-06,18976029.68142409
btc,2022-03-07,18976954.68140771
btc,2022-03-08,18977879.68139133
btc,2022-03-09,18978742.18134765
btc,2022-03-10,18979648.43133127
btc,2022-03-11,18980510.93132035
btc,2022-03-12,18981485.93129851
btc,2022-03-13,18982429.68129305
btc,2022-03-14,18983385.93127667
btc,2022-03-15,18984254.68125483
btc,2022-03-16,18985223.43121391
btc,2022-03-17,18986217.18120845
btc,2022-03-18,18987110.93119753
btc,2022-03-19,18988079.68118661
btc,2022-03-20,18989042.18118661
btc,2022-03-21,18989998.43116477
btc,2022-03-22,18990929.68112655
btc,2022-03-23,18991835.93106649
btc,2022-03-24,18992729.68105557
btc,2022-03-25,18993704.68105011
btc,2022-03-26,18994710.93105011
btc,2022-03-27,18995529.68104465
btc,2022-03-28,18996523.43103373
btc,2022-03-29,18997467.18101735
btc,2022-03-30,18998310.93100097
btc,2022-03-31,18999173.43099005
btc,2022-04-01,19000054.68097367
btc,2022-04-02,19000898.43097367
btc,2022-04-03,19001767.18095729
btc,2022-04-04,19002754.68088631
btc,2022-04-05,19003660.93088631
btc,2022-04-06,19004598.43078085
btc,2022-04-07,19005460.93075355
btc,2022-04-08,19006298.43074263
btc,2022-04-09,19007254.68074263
btc,2022-04-10,19008129.68073171
btc,2022-04-11,19008985.93072625
btc,2022-04-12,19009942.18071533
btc,2022-04-13,19010817.18070441
btc,2022-04-14,19011679.68070441
btc,2022-04-15,19012667.18067165
btc,2022-04-16,19013504.68066619
btc,2022-04-17,19014535.93066619
btc,2022-04-18,19015373.43066073
btc,2022-04-19,19016148.43063343
btc,2022-04-20,19017148.43062251
btc,2022-04-21,19018204.68059521
btc,2022-04-22,19019048.43058975
btc,2022-04-23,19020067.18058975
btc,2022-04-24,19021135.92958975
btc,2022-04-25,19022148.42957337
btc,2022-04-26,19023023.42956245
btc,2022-04-27,19024085.92955153
btc,2022-04-28,19024910.92955153
btc,2022-04-29,19025848.42954607
btc,2022-04-30,19026785.92952423
btc,2022-05-01,19027829.67951289
btc,2022-05-02,19028829.67950743
btc,2022-05-03,19029767.17949105
btc,2022-05-04,19030679.67948559
btc,2022-05-05,19031660.92948013
btc,2022-05-06,19032548.42946921
btc,2022-05-07,19033442.17945829
btc,2022-05-08,19034410.92945283
btc,2022-05-09,19035379.67945283
btc,2022-05-10,19036335.92943099
btc,2022-05-11,19037242.17943099
btc,2022-05-12,19038085.92943099
btc,2022-05-13,19039035.92941461
btc,2022-05-14,19039917.17940369
btc,2022-05-15,19040679.67939823
btc,2022-05-16,19041704.67935455
btc,2022-05-17,19042623.42932179
btc,2022-05-18,19043460.92928903
btc,2022-05-19,19044223.42926719
btc,2022-05-20,19045023.42923443
btc,2022-05-21,19045867.17922897
btc,2022-05-22,19046629.67921805
btc,2022-05-23,19047629.67920167
btc,2022-05-24,19048379.67917437
btc,2022-05-25,19049279.67914707
btc,2022-05-26,19050160.92914707
btc,2022-05-27,19051023.42914161
btc,2022-05-28,19051948.42914161
btc,2022-05-29,19052879.67913615
btc,2022-05-30,19053842.17911617
btc,2022-05-31,19054754.67909193
btc,2022-06-01,19055604.67905797
btc,2022-06-02,19056385.92904159
btc,2022-06-03,19057279.67903067
btc,2022-06-04,19058148.42902401
btc,2022-06-05,19059060.92902401
btc,2022-06-06,19059998.42900763
btc,2022-06-07,19061010.92891928
btc,2022-06-08,19062123.4289029
btc,2022-06-09,19063035.92889198
btc,2022-06-10,19063954.67888106
btc,2022-06-11,19064917.17888106
btc,2022-06-12,19065710.92886106
btc,2022-06-13,19066542.17881922
btc,2022-06-14,19067454.67879738
btc,2022-06-15,19068485.92876462
btc,2022-06-16,19069229.67873186
btc,2022-06-17,19069904.67871548
btc,2022-06-18,19070879.67871548
btc,2022-06-19,19071710.92868548
btc,2022-06-20,19072535.9286691
btc,2022-06-21,19073473.42863818
btc,2022-06-22,19074279.6785718
btc,2022-06-23,19075229.67854996
btc,2022-06-24,19076035.9285445
btc,2022-06-25,19076979.6784845
btc,2022-06-26,19077842.1784845
btc,2022-06-27,19078692.17847358
btc,2022-06-28,19079604.6784572
btc,2022-06-29,19080548.42829544
btc,2022-06-30,19081617.17826714
btc,2022-07-01,19082454.67825076
btc,2022-07-02,19083317.1782453
btc,2022-07-03,19084285.92823984
btc,2022-07-04,19085179.67821254
btc,2022-07-05,19085917.1781634
btc,2022-07-06,19086710.92815248
btc,2022-07-07,19087692.17814156
btc,2022-07-08,19088617.17811416
btc,2022-07-09,19089454.67810324
btc,2022-07-10,19090410.92809232
btc,2022-07-11,19091179.67807048
btc,2022-07-12,19092123.42804318
btc,2022-07-13,19092810.92798858
btc,2022-07-14,19093585.92797766
btc,2022-07-15,19094473.42795582
btc,2022-07-16,19095398.42795582
btc,2022-07-17,19096173.42793944
btc,2022-07-18,19096992.17790122
btc,2022-07-19,19097854.677863
btc,2022-07-20,19098642.17784116
btc,2022-07-21,19099510.9278084
btc,2022-07-22,19100335.9278084
btc,2022-07-23,19101298.4278084
btc,2022-07-24,19102279.6778084
btc,2022-07-25,19103167.17776472
btc,2022-07-26,19104167.17773742
btc,2022-07-27,19105198.42765552
btc,2022-07-28,19106079.67761184
btc,2022-07-29,19106992.1775627
btc,2022-07-30,19107798.42752448
btc,2022-07-31,19108748.42748626
btc,2022-08-01,19109598.42744804
btc,2022-08-02,19110567.17738252
btc,2022-08-03,19111473.4273443
btc,2022-08-04,19112298.42727878
btc,2022-08-05,19113235.92721326
btc,2022-08-06,19114242.17717504
btc,2022-08-07,19115235.92710952
btc,2022-08-08,19116135.92703308
btc,2022-08-09,19117029.6769621
btc,2022-08-10,19117954.6768802
btc,2022-08-11,19118829.6767983
btc,2022-08-12,19119792.17675461
btc,2022-08-13,19120660.92613532
btc,2022-08-14,19121492.1760971
btc,2022-08-15,19122398.42602066
btc,2022-08-16,19123323.4259606
btc,2022-08-17,19124129.67589508
btc,2022-08-18,19125029.67281305
btc,2022-08-19,19126142.17273661
btc,2022-08-20,19127073.42265471
btc,2022-08-21,19127985.92259465
btc,2022-08-22,19128892.17250729
btc,2022-08-23,19129967.17246907
btc,2022-08-24,19130879.67239263
btc,2022-08-25,19131873.42231073
btc,2022-08-26,19132973.42226705
btc,2022-08-27,19133879.67221791
btc,2022-08-28,19134885.92216423
btc,2022-08-29,19135867.17209417
btc,2022-08-30,19136879.67202319
btc,2022-08-31,19137792.17192491
btc,2022-09-01,19138654.67183744
btc,2022-09-02,19139460.92166686
btc,2022-09-03,19140379.6715677
btc,2022-09-04,19141429.67149126
btc,2022-09-05,19142385.92139844
btc,2022-09-06,19143273.42131108
btc,2022-09-07,19144185.92120723
btc,2022-09-08,19144979.67110895
btc,2022-09-09,19145898.42104343
btc,2022-09-10,19146879.67098883
btc,2022-09-11,19148023.42095061
btc,2022-09-12,19148979.67086225
btc,2022-09-13,19149835.92080219
btc,2022-09-14,19150629.67072575
btc,2022-09-15,19151548.42066023
btc,2022-09-16,19152348.42060563
btc,2022-09-17,19153410.92054557
btc,2022-09-18,19154373.42049643
btc,2022-09-19,19155185.92039269
btc,2022-09-20,19156135.92029441
btc,2022-09-21,19157017.17022889
btc,2022-09-22,19157817.17015245
btc,2022-09-23,19158660.92009239
btc,2022-09-24,19159573.42005963
btc,2022-09-25,19160492.17002687
btc,2022-09-26,19161429.66995043
btc,2022-09-27,19162235.91985761
btc,2022-09-28,19163173.41981939
btc,2022-09-29,19164067.16973749
btc,2022-09-30,19165123.41967197
btc,2022-10-01,19166254.66963921
btc,2022-10-02,19167235.91957081
btc,2022-10-03,19168198.4194235
btc,2022-10-04,19169217.16933614
btc,2022-10-05,19170310.91925424
btc,2022-10-06,19171304.6692051
btc,2022-10-07,19172373.41912866
btc,2022-10-08,19173467.16906542
btc,2022-10-09,19174454.6690272
btc,2022-10-10,19175504.66898898
btc,2022-10-11,19176485.91892892
btc,2022-10-12,19177342.16884156
btc,2022-10-13,19178235.91877058
btc,2022-10-14,19179210.91870506
btc,2022-10-15,19180160.91866684
btc,2022-10-16,19181060.91863408
btc,2022-10-17,19181998.41855218
btc,2022-10-18,19182885.91843752
btc,2022-10-19,19183829.668372
btc,2022-10-20,19184735.91832412
btc,2022-10-21,19185710.91824852
btc,2022-10-22,19186560.91818846
btc,2022-10-23,19187529.66814478
btc,2022-10-24,19188379.6680738
btc,2022-10-25,19189142.16801374
btc,2022-10-26,19190110.91793184
btc,2022-10-27,19190954.6678554
btc,2022-10-28,19191948.41781718
btc,2022-10-29,19192842.16777896
btc,2022-10-30,19193685.9177462
btc,2022-10-31,19194767.16770252
btc,2022-11-01,19195667.16765884
btc,2022-11-02,19196429.66759332
btc,2022-11-03,19197454.6675551
btc,2022-11-04,19198260.91751142
btc,2022-11-05,19199204.66746774
btc,2022-11-06,19200060.91743498
btc,2022-11-07,19200960.917364
btc,2022-11-08,19201979.66732578
btc,2022-11-09,19202910.9172821
btc,2022-11-10,19203829.66724934
btc,2022-11-11,19204667.1671729
btc,2022-11-12,19205710.91706008
btc,2022-11-13,19206517.1669891
btc,2022-11-14,19207285.91691782
btc,2022-11-15,19208254.66683046
btc,2022-11-16,19209192.16678132
btc,2022-11-17,19210054.6667431
btc,2022-11-18,19210923.4167158
btc,2022-11-19,19211842.16666119
btc,2022-11-20,19212773.41662843
btc,2022-11-21,19213579.66657383
btc,2022-11-22,19214367.16653015
btc,2022-11-23,19215248.41649193
btc,2022-11-24,19216054.66645361
btc,2022-11-25,19216823.41642085
btc,2022-11-26,19217504.66634441
btc,2022-11-27,19218354.66631165
btc,2022-11-28,19219223.41626251
btc,2022-11-29,19220042.16622429
btc,2022-11-30,19220904.66615331
btc,2022-12-01,19221860.91609325
btc,2022-12-02,19222642.16603319
btc,2022-12-03,19223460.91598951
btc,2022-12-04,19224335.91595128
btc,2022-12-05,19225248.4159076
btc,2022-12-06,19226092.16585846
btc,2022-12-07,19227167.1658257
btc,2022-12-08,19228210.9157711
btc,2022-12-09,19229160.91573834
btc,2022-12-10,19230123.4150067
btc,2022-12-11,19231042.12327845
btc,2022-12-12,19231935.83823839
btc,2022-12-13,19232967.05195517
btc,2022-12-14,19233892.02406511
btc,2022-12-15,19234760.74344143
btc,2022-12-16,19235573.20322591
btc,2022-12-17,19236435.66296085
btc,2022-12-18,19237341.87068242
btc,2022-12-19,19238191.82952578
btc,2022-12-20,19239066.79033799
btc,2022-12-21,19239960.49750977
btc,2022-12-22,19240804.20660089
btc,2022-12-23,19241629.1664071
btc,2022-12-24,19242185.39006796
btc,2022-12-25,19243066.62385341
btc,2022-12-26,19243872.84912565
btc,2022-12-27,19244591.56963517
btc,2022-12-28,19245641.52108695
btc,2022-12-29,19246522.72788417
btc,2022-12-30,19247510.18309141
btc,2022-12-31,19248485.14586753
btc,2023-01-01,19249453.85600931
btc,2023-01-02,19250428.80721017
btc,2023-01-03,19251391.26394741
btc,2023-01-04,19252284.97170235
btc,2023-01-05,19253266.18267459
btc,2023-01-06,19254391.14012137
btc,2023-01-07,19255353.59558269
btc,2023-01-08,19256309.82965493
btc,2023-01-09,19257259.79479625
btc,2023-01-10,19258316.00422303
btc,2023-01-11,19259234.72075027
btc,2023-01-12,19260178.43770103
btc,2023-01-13,19261172.15113735
btc,2023-01-14,19262240.86699913
btc,2023-01-15,19263259.58610591
btc,2023-01-16,19264178.30960177
btc,2023-01-17,19265153.28127717
btc,2023-01-18,19266028.25060941
btc,2023-01-19,19266934.46881981
btc,2023-01-20,19267759.43892205
btc,2023-01-21,19268621.90708291
btc,2023-01-22,19269565.64488826
btc,2023-01-23,19270553.10749456
btc,2023-01-24,19271359.3286451
btc,2023-01-25,19272453.04504998
btc,2023-01-26,19273421.76581441
btc,2023-01-27,19274384.23846005
btc,2023-01-28,19275434.20128317
btc,2023-01-29,19276440.41143432
btc,2023-01-30,19277302.87019857
btc,2023-01-31,19278021.59051949
btc,2023-02-01,19278877.80878799
btc,2023-02-02,19279784.02447344
btc,2023-02-03,19280615.24520696
btc,2023-02-04,19281465.21323545
btc,2023-02-05,19282415.19257359
btc,2023-02-06,19283340.16082709
btc,2023-02-07,19284227.62505593
btc,2023-02-08,19285090.09179011
btc,2023-02-09,19286102.54184259
btc,2023-02-10,19287021.25095429
btc,2023-02-11,19287946.21257187
btc,2023-02-12,19288958.67387569
btc,2023-02-13,19289933.6358573
btc,2023-02-14,19290896.09163937
btc,2023-02-15,19291914.79354679
btc,2023-02-16,19293033.49263214
btc,2023-02-17,19294064.69635749
btc,2023-02-18,19295114.52710183
btc,2023-02-19,19296127.01282949
btc,2023-02-20,19297045.7099958
btc,2023-02-21,19298089.39352537
btc,2023-02-22,19298964.31604459
btc,2023-02-23,19300032.95520284
btc,2023-02-24,19300876.6106817
btc,2023-02-25,19301545.29052475
btc,2023-02-26,19302595.20087476
btc,2023-02-27,19303470.11962878
btc,2023-02-28,19304326.2895077
btc,2023-03-01,19305388.68136532
btc,2023-03-02,19306288.58083239
btc,2023-03-03,19307338.46114988
btc,2023-03-04,19308288.36119328
btc,2023-03-05,19309257.06303656
btc,2023-03-06,19310081.97860168
btc,2023-03-07,19311113.09324048
btc,2023-03-08,19311944.23126562
btc,2023-03-09,19312787.88651131
btc,2023-03-10,19313637.80210951
btc,2023-03-11,19314668.93361194
btc,2023-03-12,19315675.07145146
btc,2023-03-13,19316656.21059554
btc,2023-03-14,19317568.61691925
btc,2023-03-15,19318487.27431244
btc,2023-03-16,19319324.68510582
btc,2023-03-17,19320243.33921469
btc,2023-03-18,19321255.72015879
btc,2023-03-19,19322180.70872038
btc,2023-03-20,19323143.20868762
btc,2023-03-21,19324049.4586494
btc,2023-03-22,19325043.20861664
btc,2023-03-23,19326186.95858388
btc,2023-03-24,19327199.45855112
btc,2023-03-25,19328105.7085129
btc,2023-03-26,19329005.70847468
btc,2023-03-27,19329930.70842007
btc,2023-03-28,19330768.20838185
btc,2023-03-29,19331686.95834363
btc,2023-03-30,19332655.70826653
btc,2023-03-31,19333536.95822831
btc,2023-04-01,19334411.95818462
btc,2023-04-02,19335343.2081464
btc,2023-04-03,19336161.95810817
btc,2023-04-04,19337174.45807541
btc,2023-04-05,19338043.20803173
btc,2023-04-06,19339043.20799351
btc,2023-04-07,19339930.70795529
btc,2023-04-08,19340849.45791706
btc,2023-04-09,19341761.9578843
btc,2023-04-10,19342530.70784062
btc,2023-04-11,19343493.2078024
btc,2023-04-12,19344493.20776964
btc,2023-04-13,19345380.70772596
btc,2023-04-14,19346255.70768228
btc,2023-04-15,19347243.20763314
btc,2023-04-16,19348018.20760038
btc,2023-04-17,19348986.95755124
btc,2023-04-18,19350024.45750755
btc,2023-04-19,19350893.20745841
btc,2023-04-20,19351724.45742565
btc,2023-04-21,19352630.70737651
btc,2023-04-22,19353561.95734374
btc,2023-04-23,19354480.70731098
btc,2023-04-24,19355361.95725092
btc,2023-04-25,19356143.20719632
btc,2023-04-26,19356955.7071581
btc,2023-04-27,19357768.20711442
btc,2023-04-28,19358686.95705436
btc,2023-04-29,19359543.20691614
btc,2023-04-30,19360468.20688327
btc,2023-05-01,19361605.70684505
btc,2023-05-02,19362411.95681229
btc,2023-05-03,19363293.20677407
btc,2023-05-04,19364205.70675768
btc,2023-05-05,19364949.45674676
btc,2023-05-06,19365880.70670801
btc,2023-05-07,19366749.45670255
btc,2023-05-08,19367605.70670255
btc,2023-05-09,19368549.45669163
btc,2023-05-10,19369611.95669163
btc,2023-05-11,19370555.70667524
btc,2023-05-12,19371436.95667524
btc,2023-05-13,19372343.20666432
btc,2023-05-14,19373430.70666432
btc,2023-05-15,19374349.45665886
btc,2023-05-16,19375305.7066534
btc,2023-05-17,19376305.70663702
btc,2023-05-18,19377186.95661518
btc,2023-05-19,19378124.45660426
btc,2023-05-20,19378943.20660416
btc,2023-05-21,19379886.95659869
btc,2023-05-22,19380786.95659869
btc,2023-05-23,19381749.45658765
btc,2023-05-24,19382630.70658765
btc,2023-05-25,19383574.45658218
btc,2023-05-26,19384530.70658218
btc,2023-05-27,19385436.95657672
btc,2023-05-28,19386436.95657672
btc,2023-05-29,19387449.45657042
btc,2023-05-30,19388411.95657042
btc,2023-05-31,19389293.20656496
btc,2023-06-01,19390118.2065595
btc,2023-06-02,19391143.2045595
btc,2023-06-03,19391955.70354857
btc,2023-06-04,19392880.70254856
btc,2023-06-05,19393743.2015431
btc,2023-06-06,19394686.95153218
btc,2023-06-07,19395530.69877126
btc,2023-06-08,19396493.19290972
btc,2023-06-09,19397549.4407988
btc,2023-06-10,19398511.9397788
btc,2023-06-11,19399530.68877334
btc,2023-06-12,19400511.92776242
btc,2023-06-13,19401430.67774604
btc,2023-06-14,19402186.92574603
btc,2023-06-15,19403111.92474055
btc,2023-06-16,19404068.17368485
btc,2023-06-17,19404943.17167839
btc,2023-06-18,19405886.91167839
btc,2023-06-19,19406774.40967293
btc,2023-06-20,19407624.40761833
btc,2023-06-21,19408380.6357296
btc,2023-06-22,19409236.8825696
btc,2023-06-23,19410018.13156414
btc,2023-06-24,19410930.62956414
btc,2023-06-25,19411886.87851847
btc,2023-06-26,19412799.37651846
btc,2023-06-27,19413674.37449651
btc,2023-06-28,19414349.3734965
btc,2023-06-29,19415261.87248547
btc,2023-06-30,19416249.37046277
btc,2023-07-01,19417080.61931102
btc,2023-07-02,19418149.36931102
btc,2023-07-03,19419005.61930554
btc,2023-07-04,19419886.86828916
btc,2023-07-05,19420861.8682837
btc,2023-07-06,19421730.61628349
btc,2023-07-07,19422824.35627257
btc,2023-07-08,19423936.8562671
btc,2023-07-09,19424993.10626164
btc,2023-07-10,19425955.60526164
btc,2023-07-11,19426799.35424526
btc,2023-07-12,19427699.35423434
btc,2023-07-13,19428449.35322888
btc,2023-07-14,19429311.85122857
btc,2023-07-15,19430174.34822311
btc,2023-07-16,19431143.09722311
btc,2023-07-17,19431993.09621765
btc,2023-07-18,19433005.59521218
btc,2023-07-19,19433930.59320671
btc,2023-07-20,19434730.58946748
btc,2023-07-21,19435430.58843908
btc,2023-07-22,19436268.08843907
btc,2023-07-23,19437186.83643361
btc,2023-07-24,19438124.3354336
btc,2023-07-25,19438986.83342257
btc,2023-07-26,19439886.83241699
btc,2023-07-27,19440749.33140607
btc,2023-07-28,19441624.32938379
btc,2023-07-29,19442449.32837833
btc,2023-07-30,19443499.32737833
btc,2023-07-31,19444380.57635069
btc,2023-08-01,19445249.32633966
btc,2023-08-02,19446211.82533966
btc,2023-08-03,19447155.57532874
btc,2023-08-04,19447911.82532874
btc,2023-08-05,19448874.32532326
btc,2023-08-06,19449899.32532326
btc,2023-08-07,19450811.82455677
btc,2023-08-08,19451593.07455677
btc,2023-08-09,19452605.57455131
btc,2023-08-10,19453399.32252903
btc,2023-08-11,19454343.07252357
btc,2023-08-12,19455386.82252357
btc,2023-08-13,19456230.57251811
btc,2023-08-14,19457299.32251254
btc,2023-08-15,19458368.07050708
btc,2023-08-16,19459386.82040961
btc,2023-08-17,19460361.82038766
btc,2023-08-18,19461230.56938765
btc,2023-08-19,19462105.56938219
btc,2023-08-20,19463118.06937219
btc,2023-08-21,19464149.31936116
btc,2023-08-22,19465043.06934478
btc,2023-08-23,19465930.56933932
btc,2023-08-24,19466799.31933932
btc,2023-08-25,19467643.06930749
btc,2023-08-26,19468499.31930649
btc,2023-08-27,19469224.31930082
btc,2023-08-28,19469961.81930082
btc,2023-08-29,19470949.31929536
btc,2023-08-30,19471736.81929535
btc,2023-08-31,19472636.81827897
btc,2023-09-01,19473580.56824577
btc,2023-09-02,19474530.56824577
btc,2023-09-03,19475518.06824031
btc,2023-09-04,19476449.31824031
btc,2023-09-05,19477224.31822939
btc,2023-09-06,19478068.06822939
btc,2023-09-07,19478980.56822393
btc,2023-09-08,19479811.81721846
btc,2023-09-09,19480755.567213
btc,2023-09-10,19481674.317213
btc,2023-09-11,19482668.06720754
btc,2023-09-12,19483549.3171964
btc,2023-09-13,19484468.04739079
btc,2023-09-14,19485480.54739079
btc,2023-09-15,19486655.54738533
btc,2023-09-16,19487624.29738533
btc,2023-09-17,19488555.54737986
btc,2023-09-18,19489530.54736894
btc,2023-09-19,19490399.29524153
btc,2023-09-20,19491311.79524153
btc,2023-09-21,19492174.29518607
btc,2023-09-22,19492980.54518061
btc,2023-09-23,19493955.54517515
btc,2023-09-24,19494868.03517515
btc,2023-09-25,19495774.28505082
btc,2023-09-26,19496624.28504082
btc,2023-09-27,19497605.53503481
btc,2023-09-28,19498518.03503481
btc,2023-09-29,19499436.78501742
btc,2023-09-30,19500299.28501742
btc,2023-10-01,19501180.53500196
btc,2023-10-02,19502161.78500196
btc,2023-10-03,19503186.78494104
btc,2023-10-04,19504005.53494104
btc,2023-10-05,19504886.78492465
btc,2023-10-06,19505886.78492465
btc,2023-10-07,19506955.53391919
btc,2023-10-08,19507880.53391919
btc,2023-10-09,19508855.53381373
btc,2023-10-10,19509868.03381373
btc,2023-10-11,19510868.03380827
btc,2023-10-12,19511899.28353827
btc,2023-10-13,19512761.78352188
btc,2023-10-14,19513674.28252188
btc,2023-10-15,19514718.03251642
btc,2023-10-16,19515599.28251642
btc,2023-10-17,19516611.7825055
btc,2023-10-18,19517518.0324782
btc,2023-10-19,19518393.03246182
btc,2023-10-20,19519230.53243997
btc,2023-10-21,19520168.03243451
btc,2023-10-22,19521124.28243451
btc,2023-10-23,19522105.53242902
btc,2023-10-24,19522893.03242901
btc,2023-10-25,19523793.03242355
btc,2023-10-26,19524730.53240151
btc,2023-10-27,19525693.03239602
btc,2023-10-28,19526693.03239598
btc,2023-10-29,19527549.2823905
btc,2023-10-30,19528524.28239007
btc,2023-10-31,19529493.03238398
btc,2023-11-01,19530424.28237621
btc,2023-11-02,19531324.28232469
btc,2023-11-03,19532174.28231819
btc,2023-11-04,19533224.28231745
btc,2023-11-05,19534243.03231134
btc,2023-11-06,19535036.78229968
btc,2023-11-07,19535868.03228795
btc,2023-11-08,19536799.28228701
btc,2023-11-09,19537693.03227018
btc,2023-11-10,19538655.53226972
btc,2023-11-11,19539655.53225825
btc,2023-11-12,19540661.78225779
btc,2023-11-13,19541418.03225147
btc,2023-11-14,19542280.53225089
btc,2023-11-15,19543205.53223946
btc,2023-11-16,19544130.53223902
btc,2023-11-17,19545068.03222224
btc,2023-11-18,19545999.28222189
btc,2023-11-19,19547061.7822161
btc,2023-11-20,19548099.28221029
btc,2023-11-21,19549049.28218361
btc,2023-11-22,19549936.78218325
btc,2023-11-23,19550855.53217752
btc,2023-11-24,19551905.5321772
btc,2023-11-25,19552899.28217154
btc,2023-11-26,19553811.7821613
btc,2023-11-27,19554624.28215563
btc,2023-11-28,19555543.03215545
btc,2023-11-29,19556393.03214977
btc,2023-11-30,19557230.53214963
btc,2023-12-01,19558286.78214399
btc,2023-12-02,19559080.53214366
btc,2023-12-03,19560111.7821325
btc,2023-12-04,19561080.53213206
btc,2023-12-05,19561943.03212622
btc,2023-12-06,19562793.03212585
btc,2023-12-07,19563511.78212008
btc,2023-12-08,19564355.53211968
btc,2023-12-09,19565336.78211944
btc,2023-12-10,19566211.7821184
btc,2023-12-11,19567199.2821182
btc,2023-12-12,19568099.28211442
btc,2023-12-13,19569030.53211368
btc,2023-12-14,19569943.03211355
btc,2023-12-15,19570961.78211341
btc,2023-12-16,19571911.78211322
btc,2023-12-17,19572849.28211309
btc,2023-12-18,19573899.28211291
btc,2023-12-19,19574911.78205268
btc,2023-12-20,19575818.03205239
btc,2023-12-21,19576730.53205018
btc,2023-12-22,19577780.53204999
btc,2023-12-23,19578780.53204988
btc,2023-12-24,19579849.28204977
btc,2023-12-25,19580718.03204967
btc,2023-12-26,19581586.78204955
btc,2023-12-27,19582393.03204946
btc,2023-12-28,19583149.28204935
btc,2023-12-29,19584092.99589623
btc,2023-12-30,19584999.24589619
btc,2023-12-31,19585974.24589616
btc,2024-01-01,19586942.99589609
btc,2024-01-02,19587761.74589597
btc,2024-01-03,19588749.24589465
btc,2024-01-04,19589811.74589451
btc,2024-01-05,19590674.24589445
btc,2024-01-06,19591549.24589436
btc,2024-01-07,19592286.74589408
btc,2024-01-08,19593055.49589401
btc,2024-01-09,19594005.49589394
btc,2024-01-10,19594836.7458919
btc,2024-01-11,19595917.99589184
btc,2024-01-12,19596967.99588868
btc,2024-01-13,19597961.74588858
btc,2024-01-14,19598761.74588853
btc,2024-01-15,19599474.24588579
btc,2024-01-16,19600255.49588569
btc,2024-01-17,19601011.74588458
btc,2024-01-18,19601899.24588451
btc,2024-01-19,19602724.24588441
btc,2024-01-20,19603617.99588432
btc,2024-01-21,19604492.99588423
btc,2024-01-22,19605492.99588416
btc,2024-01-23,19606455.49587864
btc,2024-01-24,19607392.99587857
btc,2024-01-25,19608524.244873
btc,2024-01-26,19609474.24487293
btc,2024-01-27,19610542.9948698
btc,2024-01-28,19611542.99486977
btc,2024-01-29,19612517.99486426
btc,2024-01-30,19613417.99476277
btc,2024-01-31,19614236.7445918
btc,2024-02-01,19615192.99455433
btc,2024-02-02,19616367.99455428
btc,2024-02-03,19617311.74454332
btc,2024-02-04,19618280.49453234
btc,2024-02-05,19619255.4945323
btc,2024-02-06,19620317.99453229
btc,2024-02-07,19621317.99453227
btc,2024-02-08,19622180.49453222
btc,2024-02-09,19623217.99453217
btc,2024-02-10,19624167.99453216
btc,2024-02-11,19625024.24452782
btc,2024-02-12,19626142.99451125
btc,2024-02-13,19626986.74447811
btc,2024-02-14,19627855.49447146
btc,2024-02-15,19628836.74445056
btc,2024-02-16,19629674.24444057
btc,2024-02-17,19630611.74443719
btc,2024-02-18,19631367.99443716
btc,2024-02-19,19632217.99442621
btc,2024-02-20,19633099.24442615
btc,2024-02-21,19633961.7444261
btc,2024-02-22,19634805.49442602
btc,2024-02-23,19635799.24440955
btc,2024-02-24,19636655.4944095
btc,2024-02-25,19637680.49437124
btc,2024-02-26,19638511.74437117
btc,2024-02-27,19639317.99437111
btc,2024-02-28,19640249.24436558
btc,2024-02-29,19641080.49434917
btc,2024-03-01,19642042.99432728
btc,2024-03-02,19642836.74432721
btc,2024-03-03,19643805.49431723
btc,2024-03-04,19644611.74430514
btc,2024-03-05,19645655.494305
btc,2024-03-06,19646530.49430491
btc,2024-03-07,19647655.49427749
btc,2024-03-08,19648617.99427193
btc,2024-03-09,19649636.74426524
btc,2024-03-10,19650530.49424315
btc,2024-03-11,19651592.99423977
btc,2024-03-12,19652474.24421644
btc,2024-03-13,19653474.24420429
btc,2024-03-14,19654355.49419763
btc,2024-03-15,19655149.24419096
btc,2024-03-16,19656049.24418545
btc,2024-03-17,19656961.74418201
btc,2024-03-18,19657861.74415137
btc,2024-03-19,19658842.99414585
btc,2024-03-20,19659774.24412035
btc,2024-03-21,19660524.24410392
btc,2024-03-22,19661367.993082
btc,2024-03-23,19662342.99308194
btc,2024-03-24,19663405.49308191
btc,2024-03-25,19664230.49307314
btc,2024-03-26,19665067.9930425
btc,2024-03-27,19665917.9930282
btc,2024-03-28,19666867.99301939
btc,2024-03-29,19667767.99301605
btc,2024-03-30,19668736.74301601
btc,2024-03-31,19669592.99300506
btc,2024-04-01,19670530.49299956
btc,2024-04-02,19671455.49299954
btc,2024-04-03,19672342.99299949
btc,2024-04-04,19673205.49297218
btc,2024-04-05,19674130.49293393
btc,2024-04-06,19675099.24290541
btc,2024-04-07,19676161.74288233
btc,2024-04-08,19677149.24284075
btc,2024-04-09,19678061.74280136
btc,2024-04-10,19679005.49278382
btc,2024-04-11,19679830.49278382
btc,2024-04-12,19680680.49277836
btc,2024-04-13,19681705.49276744
btc,2024-04-14,19682686.74276744
btc,2024-04-15,19683567.99275647
btc,2024-04-16,19684599.24275641
btc,2024-04-17,19685455.4927367
btc,2024-04-18,19686361.74273122
btc,2024-04-19,19687292.99271483
btc,2024-04-20,19687699.24271483
btc,2024-04-21,19688136.74271483
btc,2024-04-22,19688611.74270937
btc,2024-04-23,19689136.74270937
btc,2024-04-24,19689621.11769845
btc,2024-04-25,19690067.99269845
btc,2024-04-26,19690483.61769845
btc,2024-04-27,19690921.11769845
btc,2024-04-28,19691358.61769844
btc,2024-04-29,19691767.99269843
btc,2024-04-30,19692208.61769843
btc,2024-05-01,19692621.11769297
btc,2024-05-02,19693074.24267659
btc,2024-05-03,19693477.36767659
btc,2024-05-04,19693917.99266567
btc,2024-05-05,19694352.36766567
btc,2024-05-06,19694733.61766567
btc,2024-05-07,19695114.86765475
btc,2024-05-08,19695511.74265472
btc,2024-05-09,19695964.8676547
btc,2024-05-10,19696417.99264919
btc,2024-05-11,19696914.86764918
btc,2024-05-12,19697327.36764917
btc,2024-05-13,19697786.7426437
btc,2024-05-14,19698211.74263277
btc,2024-05-15,19698652.36763277
btc,2024-05-16,19699096.11762728
btc,2024-05-17,19699580.49262727
btc,2024-05-18,19699980.49262727
btc,2024-05-19,19700461.74262181
btc,2024-05-20,19700949.24261848
btc,2024-05-21,19701380.49261845
btc,2024-05-22,19701858.61760751
btc,2024-05-23,19702386.74257751
btc,2024-05-24,19702886.74256659
btc,2024-05-25,19703386.74255113
btc,2024-05-26,19703911.74255105
btc,2024-05-27,19704296.11754556
btc,2024-05-28,19704714.86754006
btc,2024-05-29,19705142.99254002
btc,2024-05-30,19705527.36754001
btc,2024-05-31,19705989.86751266
btc,2024-06-01,19706430.49250719
btc,2024-06-02,19706867.99250718
btc,2024-06-03,19707358.61712567
btc,2024-06-04,19707777.36709835
btc,2024-06-05,19708161.74209288
btc,2024-06-06,19708577.36709285
btc,2024-06-07,19709021.11707542
btc,2024-06-08,19709558.61707541
btc,2024-06-09,19710036.74207538
btc,2024-06-10,19710471.11703716
btc,2024-06-11,19710855.49203714
btc,2024-06-12,19711311.74203711
btc,2024-06-13,19711764.86702071
btc,2024-06-14,19712164.8670207
btc,2024-06-15,19712583.6170207
btc,2024-06-16,19713092.99199885
btc,2024-06-17,19713530.49199884
btc,2024-06-18,19714005.49199881
btc,2024-06-19,19714433.61697697
btc,2024-06-20,19714849.24197697
btc,2024-06-21,19715286.74197697
btc,2024-06-22,19715761.74197151
btc,2024-06-23,19716111.74197148
btc,2024-06-24,19716586.74197148
btc,2024-06-25,19716974.24196055
btc,2024-06-26,19717352.36696053
btc,2024-06-27,19717758.61696053
btc,2024-06-28,19718180.49194415
btc,2024-06-29,19718671.11694415
btc,2024-06-30,19719049.24194414
btc,2024-07-01,19719489.86693321
btc,2024-07-02,19719952.36693319
btc,2024-07-03,19720405.49192773
btc,2024-07-04,19720842.99191134
btc,2024-07-05,19721221.11691133
btc,2024-07-06,19721736.74191132
btc,2024-07-07,19722177.36689043
btc,2024-07-08,19722674.2418795
btc,2024-07-09,19723155.49186956
btc,2024-07-10,19723580.49186079
btc,2024-07-11,19724017.99185086
btc,2024-07-12,19724486.74173565
btc,2024-07-13,19724967.99172466
btc,2024-07-14,19725489.86670117
btc,2024-07-15,19725967.99166178
btc,2024-07-16,19726427.36664754
btc,2024-07-17,19726924.24161113
btc,2024-07-18,19727327.36657918
btc,2024-07-19,19727786.7415737
btc,2024-07-20,19728302.36657367
btc,2024-07-21,19728830.49154719
btc,2024-07-22,19729389.86647783
btc,2024-07-23,19729917.9914679
btc,2024-07-24,19730355.49142156
btc,2024-07-25,19730864.8664161
btc,2024-07-26,19731364.8664161
btc,2024-07-27,19731846.11639955
btc,2024-07-28,19732308.61638863
btc,2024-07-29,19732864.866382
btc,2024-07-30,19733333.61637869
btc,2024-07-31,19733774.24136445
btc,2024-08-01,19734211.74135899
btc,2024-08-02,19734602.36635898
btc,2024-08-03,19735024.24134891
btc,2024-08-04,19735471.11634013
btc,2024-08-05,19735958.61633134
btc,2024-08-06,19736396.11628981
btc,2024-08-07,19736777.36627343
btc,2024-08-08,19737180.49125374
btc,2024-08-09,19737586.74125373
btc,2024-08-10,19737989.86623947
btc,2024-08-11,19738492.99123943
btc,2024-08-12,19738921.11623942
btc,2024-08-13,19739386.74122304
btc,2024-08-14,19739799.24122303
btc,2024-08-15,19740299.241223
btc,2024-08-16,19740742.99121208
btc,2024-08-17,19741208.61621206
btc,2024-08-18,19741696.11621206
btc,2024-08-19,19742102.36620113
btc,2024-08-20,19742571.11620112
btc,2024-08-21,19743030.49120111
btc,2024-08-22,19743530.49119564
btc,2024-08-23,19744042.99119548
btc,2024-08-24,19744521.11619545
btc,2024-08-25,19744936.74118453
btc,2024-08-26,19745355.49118453
btc,2024-08-27,19745799.24113451
btc,2024-08-28,19746302.36612904
btc,2024-08-29,19746714.86612355
btc,2024-08-30,19747158.61610169
btc,2024-08-31,19747617.99109622
btc,2024-09-01,19748061.74109074
btc,2024-09-02,19748583.61607434
btc,2024-09-03,19749049.24106341
btc,2024-09-04,19749521.11604703
btc,2024-09-05,19750005.49104703
btc,2024-09-06,19750458.61604639
btc,2024-09-07,19750952.36604087
btc,2024-09-08,19751474.24104087
btc,2024-09-09,19751927.36603539
btc,2024-09-10,19752355.49102993
btc,2024-09-11,19752692.99102992
btc,2024-09-12,19753167.99102987
btc,2024-09-13,19753552.36601894
btc,2024-09-14,19753986.74101892
btc,2024-09-15,19754458.61601892
btc,2024-09-16,19754849.24101345
btc,2024-09-17,19755317.99101343
btc,2024-09-18,19755749.24099158
btc,2024-09-19,19756130.49095334
btc,2024-09-20,19756583.61595331
btc,2024-09-21,19757005.4909533
btc,2024-09-22,19757430.4909533
btc,2024-09-23,19757886.740926
btc,2024-09-24,19758339.86592598
btc,2024-09-25,19758789.86592598
btc,2024-09-26,19759196.11591505
btc,2024-09-27,19759624.24090959
btc,2024-09-28,19760027.36590413
btc,2024-09-29,19760511.74090413
btc,2024-09-30,19760939.8659041
btc,2024-10-01,19761430.49089476
btc,2024-10-02,19761914.86483653
btc,2024-10-03,19762408.61481409
btc,2024-10-04,19762936.73978672
btc,2024-10-05,19763408.61478671
btc,2024-10-06,19763883.61478667
btc,2024-10-07,19764367.9897812
btc,2024-10-08,19764889.86473206
btc,2024-10-09,19765286.73972658
btc,2024-10-10,19765771.11472103
btc,2024-10-11,19766208.61470463
btc,2024-10-12,19766655.48970459
btc,2024-10-13,19767086.7396991
btc,2024-10-14,19767521.11469362
btc,2024-10-15,19768008.61468267
btc,2024-10-16,19768449.23967718
btc,2024-10-17,19768939.8646717
btc,2024-10-18,19769364.86466077
btc,2024-10-19,19769905.48965524
btc,2024-10-20,19770446.1146388
btc,2024-10-21,19770980.48953557
btc,2024-10-22,19771411.73952461
btc,2024-10-23,19771883.61450366
btc,2024-10-24,19772342.98945587
btc,2024-10-25,19772821.11445039
btc,2024-10-26,19773277.36445039
btc,2024-10-27,19773780.48945036
btc,2024-10-28,19774305.4894449
btc,2024-10-29,19774796.11444483
btc,2024-10-30,19775324.23943382
btc,2024-10-31,19775817.98941723
btc,2024-11-01,19776296.11441125
btc,2024-11-02,19776736.73940964
btc,2024-11-03,19777149.23940946
btc,2024-11-04,19777621.11439293
btc,2024-11-05,19778055.48938731
btc,2024-11-06,19778533.61438602
btc,2024-11-07,19779021.11438028
btc,2024-11-08,19779464.86435818
btc,2024-11-09,19779899.23935142
btc,2024-11-10,19780361.73934022
btc,2024-11-11,19780786.73931287
btc,2024-11-12,19781242.98929098
btc,2024-11-13,19781674.2392854
btc,2024-11-14,19782071.11427343
btc,2024-11-15,19782539.86418062
btc,2024-11-16,19783030.48914509
btc,2024-11-17,19783499.2391384
btc,2024-11-18,19783986.73913822
btc,2024-11-19,19784533.61411426
btc,2024-11-20,19784992.98823511
btc,2024-11-21,19785442.9868657
btc,2024-11-22,19785889.86100384
btc,2024-11-23,19786321.11082408
btc,2024-11-24,19786739.86060396
btc,2024-11-25,19787267.98557194
btc,2024-11-26,19787702.3603786
btc,2024-11-27,19788117.98530596
btc,2024-11-28,19788561.73523034
btc,2024-11-29,19788939.85990686
btc,2024-11-30,19789452.34398553
btc,2024-12-01,19789946.07813313
btc,2024-12-02,19790342.94740718
btc,2024-12-03,19790833.51298461
btc,2024-12-04,19791292.8080724
btc,2024-12-05,19791777.12482239
btc,2024-12-06,19792202.10743335
btc,2024-12-07,19792645.81862795
btc,2024-12-08,19793102.04336046
btc,2024-12-09,19793623.89738428
btc,2024-12-10,19794105.12409209
btc,2024-12-11,19794548.84459111
btc,2024-12-12,19795011.21182003
btc,2024-12-13,19795542.41641123
btc,2024-12-14,19796039.18299872
btc,2024-12-15,19796467.29775711
btc,2024-12-16,19796929.76713727
btc,2024-12-17,19797354.74843723
btc,2024-12-18,19797804.73223539
btc,2024-12-19,19798257.83271974
btc,2024-12-20,19798729.70078425
btc,2024-12-21,19799182.82203878
btc,2024-12-22,19799667.19451128
btc,2024-12-23,19800101.56258799
btc,2024-12-24,19800514.0601588
btc,2024-12-25,19800985.92806539
btc,2024-12-26,19801395.29761646
btc,2024-12-27,19801889.04041662
btc,2024-12-28,19802335.90899522
btc,2024-12-29,19802829.65099519
btc,2024-12-30,19803326.51700902
btc,2024-12-31,19803729.6240934
btc,2025-01-01,19804167.11404725
btc,2025-01-02,19804688.97841898
btc,2025-01-03,19805132.70427525
btc,2025-01-04,19805598.31429955
btc,2025-01-05,19806085.7957105
btc,2025-01-06,19806501.40750046
btc,2025-01-07,19806920.1377164
btc,2025-01-08,19807310.75363998
btc,2025-01-09,19807785.73248988
btc,2025-01-10,19808229.46759886
btc,2025-01-11,19808660.71631881
btc,2025-01-12,19809198.20835871
btc,2025-01-13,19809598.20317314
btc,2025-01-14,19810079.44583192
btc,2025-01-15,19810513.81645165
btc,2025-01-16,19810913.81097578
btc,2025-01-17,19811382.55425549
btc,2025-01-18,19811788.80029538
btc,2025-01-19,19812257.54644438
btc,2025-01-20,19812732.54293092
btc,2025-01-21,19813148.1656208
btc,2025-01-22,19813616.91363797
btc,2025-01-23,19814041.90542135
btc,2025-01-24,19814479.38727566
btc,2025-01-25,19814879.38377799
btc,2025-01-26,19815307.50747697
btc,2025-01-27,19815795.00560923
btc,2025-01-28,19816257.50459816
btc,2025-01-29,19816741.87530066
btc,2025-01-30,19817194.99742512
btc,2025-01-31,19817585.61779669
btc,2025-02-01,19818160.61111899
btc,2025-02-02,19818694.97909532
btc,2025-02-03,19819173.09623779
btc,2025-02-04,19819582.46882179
btc,2025-02-05,19820032.46375376
btc,2025-02-06,19820485.58427882
btc,2025-02-07,19821026.2000898
btc,2025-02-08,19821526.19378163
btc,2025-02-09,19821973.06223539
btc,2025-02-10,19822407.43074098
btc,2025-02-11,19822794.92809454
btc,2025-02-12,19823210.54614802
btc,2025-02-13,19823704.28829496
btc,2025-02-14,19824179.2809251
btc,2025-02-15,19824679.27431535
btc,2025-02-16,19825151.14105045
btc,2025-02-17,19825579.26066042
btc,2025-02-18,19826016.7472204
btc,2025-02-19,19826410.48629836
btc,2025-02-20,19826816.72818671
btc,2025-02-21,19827219.84583575
btc,2025-02-22,19827654.2113292
btc,2025-02-23,19828057.32517917
btc,2025-02-24,19828463.56379784
btc,2025-02-25,19828922.93427864
btc,2025-02-26,19829413.54557975
btc,2025-02-27,19829882.28192984
btc,2025-02-28,19830369.77944628
btc,2025-03-01,19830819.77817533
btc,2025-03-02,19831213.52299381
btc,2025-03-03,19831682.26242224
btc,2025-03-04,19832138.51079673
btc,2025-03-05,19832557.25345893
btc,2025-03-06,19833088.49809435
btc,2025-03-07,19833532.23824098
btc,2025-03-08,19833960.3616429
btc,2025-03-09,19834457.23055726
btc,2025-03-10,19834938.47608533
btc,2025-03-11,19835369.72605551
btc,2025-03-12,19835847.84578215
btc,2025-03-13,19836344.71864683
btc,2025-03-14,19836788.46507507
btc,2025-03-15,19837200.96369563
btc,2025-03-16,19837654.08766151
btc,2025-03-17,19838091.58565153
btc,2025-03-18,19838535.33370501
btc,2025-03-19,19839010.3317466
btc,2025-03-20,19839454.07872113
btc,2025-03-21,19839907.20270222
btc,2025-03-22,19840375.94273762
btc,2025-03-23,19840863.43976163
btc,2025-03-24,19841344.68753153
btc,2025-03-25,19841810.31104373
btc,2025-03-26,19842285.30950609
btc,2025-03-27,19842747.80873067
btc,2025-03-28,19843229.05742965
btc,2025-03-29,19843669.68171961
btc,2025-03-30,19844097.80611996
btc,2025-03-31,19844560.30453595
btc,2025-04-01,19844982.17772405
btc,2025-04-02,19845519.67412857
btc,2025-04-03,19845994.66498855
btc,2025-04-04,19846557.16238412
btc,2025-04-05,19847069.65940218
btc,2025-04-06,19847522.78330522
btc,2025-04-07,19847975.9075672
btc,2025-04-08,19848454.03181368
btc,2025-04-09,19848863.40626122
btc,2025-04-10,19849313.40516973
btc,2025-04-11,19849775.90300781
btc,2025-04-12,19850225.90175683
btc,2025-04-13,19850763.39879054
btc,2025-04-14,19851229.02176633
btc,2025-04-15,19851679.01835727
btc,2025-04-16,19852141.51758029
btc,2025-04-17,19852619.64043287
btc,2025-04-18,19853044.64028952
btc,2025-04-19,19853479.01218784
btc,2025-04-20,19853863.38402997
btc,2025-04-21,19854257.13198692
btc,2025-04-22,19854741.50212034
btc,2025-04-23,19855097.75012697
btc,2025-04-24,19855538.37310508
btc,2025-04-25,19855988.37048136
btc,2025-04-26,19856403.99538397
btc,2025-04-27,19856825.86845264
btc,2025-04-28,19857266.4933841
btc,2025-04-29,19857722.7422359
btc,2025-04-30,19858135.24088683
btc,2025-05-01,19858557.11484803
btc,2025-05-02,19859053.98960692
btc,2025-05-03,19859566.48887791
btc,2025-05-04,19860000.86307036
btc,2025-05-05,19860547.73754278
btc,2025-05-06,19860978.98632881
btc,2025-05-07,19861450.86025732
btc,2025-05-08,19861947.7320949
btc,2025-05-09,19862385.22816211
btc,2025-05-10,19862853.9781219
btc,2025-05-11,19863319.60241787
btc,2025-05-12,19863772.72726223
btc,2025-05-13,19864178.97693762
btc,2025-05-14,19864628.9766771
btc,2025-05-15,19865085.22654822
btc,2025-05-16,19865510.22528842
btc,2025-05-17,19865957.09968716
btc,2025-05-18,19866463.3485357
btc,2025-05-19,19866903.97333178
btc,2025-05-20,19867366.47291531
btc,2025-05-21,19867816.47279327
btc,2025-05-22,19868285.22231008
btc,2025-05-23,19868769.59700965
btc,2025-05-24,19869210.22183811
btc,2025-05-25,19869682.09646027
btc,2025-05-26,19870160.22083733
btc,2025-05-27,19870600.84569245
btc,2025-05-28,19871113.34525168
btc,2025-05-29,19871610.21876614
btc,2025-05-30,19872094.59351097
btc,2025-05-31,19872597.71831411
btc,2025-06-01,19873013.34311615
btc,2025-06-02,19873428.96776052
btc,2025-06-03,19873878.96763072
btc,2025-06-04,19874272.71713886
btc,2025-06-05,19874691.46574495
btc,2025-06-06,19875110.21573494
btc,2025-06-07,19875557.09035296
btc,2025-06-08,19876035.21478822
btc,2025-06-09,19876472.71399197
btc,2025-06-10,19877000.8386734
btc,2025-06-11,19877441.4634359
btc,2025-06-12,19877903.96211326
btc,2025-06-13,19878357.08684579
btc,2025-06-14,19878828.96129285
btc,2025-06-15,19879253.96064281
btc,2025-06-16,19879710.20991244
btc,2025-06-17,19880078.95961965
btc,2025-06-18,19880516.45850964
btc,2025-06-19,19880913.33336677
btc,2025-06-20,19881385.20777738
btc,2025-06-21,19881825.8325973
btc,2025-06-22,19882160.2073716
btc,2025-06-23,19882494.58211129
btc,2025-06-24,19882860.20681027
btc,2025-06-25,19883307.08158785
btc,2025-06-26,19883797.70610327
btc,2025-06-27,19884157.08105605
btc,2025-06-28,19884610.20583045
btc,2025-06-29,19885138.33053762
btc,2025-06-30,19885591.45545754
btc,2025-07-01,19886010.20512658
btc,2025-07-02,19886488.32973747
btc,2025-07-03,19886960.20463724
btc,2025-07-04,19887457.07962176
btc,2025-07-05,19887947.70454165
btc,2025-07-06,19888447.70435433
btc,2025-07-07,19888919.57916882
btc,2025-07-08,19889363.3289624
btc,2025-07-09,19889875.8287024
btc,2025-07-10,19890410.20352689
btc,2025-07-11,19890878.9534219
btc,2025-07-12,19891344.57829192
btc,2025-07-13,19891772.70218098
btc,2025-07-14,19892225.82695938
btc,2025-07-15,19892738.32682504
btc,2025-07-16,19893147.70163102
btc,2025-07-17,19893572.70128858
btc,2025-07-18,19894022.70082487
btc,2025-07-19,19894466.45067739
btc,2025-07-20,19894932.07548858
btc,2025-07-21,19895400.82536427
btc,2025-07-22,19895869.57501957
btc,2025-07-23,19896307.07248054
btc,2025-07-24,19896766.44726607
btc,2025-07-25,19897266.4469454
btc,2025-07-26,19897744.57177667
btc,2025-07-27,19898172.69660724
btc,2025-07-28,19898625.82142083
btc,2025-07-29,19898975.82120082
btc,2025-07-30,19899403.94583748
btc,2025-07-31,19899885.19576901
btc,2025-08-01,19900357.07063855
btc,2025-08-02,19900810.19550347
btc,2025-08-03,19901294.57031818
btc,2025-08-04,19901828.94523624
btc,2025-08-05,19902260.19504508
btc,2025-08-06,19902710.19467278
btc,2025-08-07,19903213.31945593
btc,2025-08-08,19903641.44432498
btc,2025-08-09,19904003.94401947
btc,2025-08-10,19904425.81879206
btc,2025-08-11,19904885.19355745
btc,2025-08-12,19905313.31796475
btc,2025-08-13,19905800.81745489
btc,2025-08-14,19906307.067023
btc,2025-08-15,19906725.81640664
btc,2025-08-16,19907200.81600595
btc,2025-08-17,19907675.81541859
btc,2025-08-18,19908157.06522726
btc,2025-08-19,19908575.81464288
btc,2025-08-20,19909016.43922556
btc,2025-08-21,19909482.06361869
btc,2025-08-22,19909938.31327144
btc,2025-08-23,19910413.31266958
btc,2025-08-24,19910916.8124341
btc,2025-08-25,19911357.43728359
btc,2025-08-26,19911826.18644571
btc,2025-08-27,19912294.93570583
btc,2025-08-28,19912791.81040165
btc,2025-08-29,19913307.43506369
btc,2025-08-30,19913801.18485216
btc,2025-08-31,19914213.68392839
btc,2025-09-01,19914716.80858685
btc,2025-09-02,19915226.18210888
btc,2025-09-03,19915654.30613677
btc,2025-09-04,19916091.80554179
btc,2025-09-05,19916538.6799903
btc,2025-09-06,19916976.17954741
btc,2025-09-07,19917457.42915028
btc,2025-09-08,19917957.42893734
btc,2025-09-09,19918479.3031611
btc,2025-09-10,19919010.55137479
btc,2025-09-11,19919479.30121742
btc,2025-09-12,19919854.30107904
btc,2025-09-13,19920294.92564128
btc,2025-09-14,19920773.04963312
btc,2025-09-15,19921282.42404674
btc,2025-09-16,19921782.4236011
btc,2025-09-17,19922182.42355741
btc,2025-09-18,19922676.17312867
btc,2025-09-19,19923201.17200279
btc,2025-09-20,19923679.29684702
btc,2025-09-21,19924185.54658358
btc,2025-09-22,19924654.29597328
btc,2025-09-23,19925104.29540892
btc,2025-09-24,19925582.41991233
btc,2025-09-25,19926023.0442022
btc,2025-09-26,19926435.54393123
btc,2025-09-27,19926919.91856265
btc,2025-09-28,19927435.54322349
btc,2025-09-29,19927873.04269274
btc,2025-09-30,19928376.16734086
btc,2025-10-01,19928848.04210659
btc,2025-10-02,19929273.04168753
btc,2025-10-03,19929641.79167985
btc,2025-10-04,19930060.5415677
btc,2025-10-05,19930526.16644049
btc,2025-10-06,19930910.54125385
btc,2025-10-07,19931341.79109844
btc,2025-10-08,19931804.2908611
btc,2025-10-09,19932179.29077496
btc,2025-10-10,19932591.79049044
btc,2025-10-11,19933051.16535648
btc,2025-10-12,19933504.29034837
btc,2025-10-13,19933979.29024129
btc,2025-10-14,19934507.41507201
btc,2025-10-15,19934957.41501474
btc,2025-10-16,19935435.53996235
btc,2025-10-17,19935932.41491048
btc,2025-10-18,19936448.03977609
btc,2025-10-19,19936882.41471914
btc,2025-10-20,19937348.03964951
btc,2025-10-21,19937816.78957591
btc,2025-10-22,19938294.91454782
btc,2025-10-23,19938738.66452939
btc,2025-10-24,19939298.03947926
btc,2025-10-25,19939798.03943167
btc,2025-10-26,19940257.41441729
btc,2025-10-27,19940716.78928169
btc,2025-10-28,19941223.0392265
btc,2025-10-29,19941607.41421538
btc,2025-10-30,19942107.41410432
btc,2025-10-31,19942544.91409829
