asset,Date,AdrActCnt
eth,2018-01-01,520683
eth,2018-01-02,619409
eth,2018-01-03,648959
eth,2018-01-04,716438
eth,2018-01-05,703108
eth,2018-01-06,669883
eth,2018-01-07,614040
eth,2018-01-08,661636
eth,2018-01-09,715228
eth,2018-01-10,671853
eth,2018-01-11,668789
eth,2018-01-12,617412
eth,2018-01-13,654142
eth,2018-01-14,614264
eth,2018-01-15,714821
eth,2018-01-16,735111
eth,2018-01-17,718205
eth,2018-01-18,681654
eth,2018-01-19,543995
eth,2018-01-20,470143
eth,2018-01-21,612388
eth,2018-01-22,547707
eth,2018-01-23,527571
eth,2018-01-24,510896
eth,2018-01-25,410985
eth,2018-01-26,480908
eth,2018-01-27,424637
eth,2018-01-28,448123
eth,2018-01-29,479352
eth,2018-01-30,466227
eth,2018-01-31,461713
eth,2018-02-01,501671
eth,2018-02-02,499746
eth,2018-02-03,433090
eth,2018-02-04,425727
eth,2018-02-05,457677
eth,2018-02-06,452196
eth,2018-02-07,418269
eth,2018-02-08,353159
eth,2018-02-09,399711
eth,2018-02-10,420048
eth,2018-02-11,382341
eth,2018-02-12,421764
eth,2018-02-13,365156
eth,2018-02-14,387178
eth,2018-02-15,400782
eth,2018-02-16,346010
eth,2018-02-17,349625
eth,2018-02-18,343310
eth,2018-02-19,392016
eth,2018-02-20,392070
eth,2018-02-21,363398
eth,2018-02-22,343322
eth,2018-02-23,329223
eth,2018-02-24,293520
eth,2018-02-25,294581
eth,2018-02-26,368611
eth,2018-02-27,355055
eth,2018-02-28,373014
eth,2018-03-01,342494
eth,2018-03-02,355811
eth,2018-03-03,309915
eth,2018-03-04,287392
eth,2018-03-05,358287
eth,2018-03-06,364952
eth,2018-03-07,467576
eth,2018-03-08,347207
eth,2018-03-09,335308
eth,2018-03-10,318074
eth,2018-03-11,288838
eth,2018-03-12,322689
eth,2018-03-13,333398
eth,2018-03-14,359709
eth,2018-03-15,339262
eth,2018-03-16,313390
eth,2018-03-17,279550
eth,2018-03-18,318550
eth,2018-03-19,356019
eth,2018-03-20,329322
eth,2018-03-21,352609
eth,2018-03-22,345780
eth,2018-03-23,401205
eth,2018-03-24,354616
eth,2018-03-25,266883
eth,2018-03-26,318207
eth,2018-03-27,292427
eth,2018-03-28,272121
eth,2018-03-29,293419
eth,2018-03-30,316912
eth,2018-03-31,273912
eth,2018-04-01,273312
eth,2018-04-02,306197
eth,2018-04-03,327729
eth,2018-04-04,330922
eth,2018-04-05,372734
eth,2018-04-06,350661
eth,2018-04-07,293326
eth,2018-04-08,309376
eth,2018-04-09,319374
eth,2018-04-10,339055
eth,2018-04-11,371762
eth,2018-04-12,353014
eth,2018-04-13,374208
eth,2018-04-14,301862
eth,2018-04-15,302284
eth,2018-04-16,334786
eth,2018-04-17,339274
eth,2018-04-18,339669
eth,2018-04-19,360686
eth,2018-04-20,369410
eth,2018-04-21,411088
eth,2018-04-22,414637
eth,2018-04-23,428031
eth,2018-04-24,417221
eth,2018-04-25,365985
eth,2018-04-26,358539
eth,2018-04-27,346176
eth,2018-04-28,341856
eth,2018-04-29,318879
eth,2018-04-30,361168
eth,2018-05-01,328660
eth,2018-05-02,363346
eth,2018-05-03,394992
eth,2018-05-04,644295
eth,2018-05-05,396427
eth,2018-05-06,389642
eth,2018-05-07,419460
eth,2018-05-08,410500
eth,2018-05-09,390605
eth,2018-05-10,390235
eth,2018-05-11,392464
eth,2018-05-12,383918
eth,2018-05-13,359287
eth,2018-05-14,398274
eth,2018-05-15,400914
eth,2018-05-16,414046
eth,2018-05-17,412529
eth,2018-05-18,419826
eth,2018-05-19,424160
eth,2018-05-20,389190
eth,2018-05-21,397743
eth,2018-05-22,422824
eth,2018-05-23,410012
eth,2018-05-24,418876
eth,2018-05-25,394287
eth,2018-05-26,375954
eth,2018-05-27,403522
eth,2018-05-28,445032
eth,2018-05-29,409323
eth,2018-05-30,413796
eth,2018-05-31,416236
eth,2018-06-01,371923
eth,2018-06-02,404528
eth,2018-06-03,415409
eth,2018-06-04,397194
eth,2018-06-05,380350
eth,2018-06-06,374278
eth,2018-06-07,403581
eth,2018-06-08,364344
eth,2018-06-09,388714
eth,2018-06-10,406267
eth,2018-06-11,403546
eth,2018-06-12,355775
eth,2018-06-13,385073
eth,2018-06-14,372165
eth,2018-06-15,385201
eth,2018-06-16,310364
eth,2018-06-17,321511
eth,2018-06-18,344436
eth,2018-06-19,375907
eth,2018-06-20,388423
eth,2018-06-21,384776
eth,2018-06-22,383910
eth,2018-06-23,340250
eth,2018-06-24,359869
eth,2018-06-25,492435
eth,2018-06-26,372838
eth,2018-06-27,382764
eth,2018-06-28,393195
eth,2018-06-29,379509
eth,2018-06-30,261580
eth,2018-07-01,197829
eth,2018-07-02,235721
eth,2018-07-03,232199
eth,2018-07-04,230552
eth,2018-07-05,253141
eth,2018-07-06,219912
eth,2018-07-07,217148
eth,2018-07-08,272797
eth,2018-07-09,290889
eth,2018-07-10,294141
eth,2018-07-11,271336
eth,2018-07-12,257081
eth,2018-07-13,239602
eth,2018-07-14,229822
eth,2018-07-15,231420
eth,2018-07-16,341295
eth,2018-07-17,357364
eth,2018-07-18,409849
eth,2018-07-19,379165
eth,2018-07-20,356950
eth,2018-07-21,319591
eth,2018-07-22,338502
eth,2018-07-23,398296
eth,2018-07-24,423877
eth,2018-07-25,431947
eth,2018-07-26,388974
eth,2018-07-27,416595
eth,2018-07-28,382761
eth,2018-07-29,359339
eth,2018-07-30,376103
eth,2018-07-31,374451
eth,2018-08-01,374393
eth,2018-08-02,369948
eth,2018-08-03,394710
eth,2018-08-04,340854
eth,2018-08-05,320195
eth,2018-08-06,348727
eth,2018-08-07,323836
eth,2018-08-08,291558
eth,2018-08-09,284548
eth,2018-08-10,325203
eth,2018-08-11,336510
eth,2018-08-12,332668
eth,2018-08-13,352269
eth,2018-08-14,334805
eth,2018-08-15,328753
eth,2018-08-16,354449
eth,2018-08-17,312809
eth,2018-08-18,305324
eth,2018-08-19,304996
eth,2018-08-20,336770
eth,2018-08-21,300645
eth,2018-08-22,306983
eth,2018-08-23,300126
eth,2018-08-24,316189
eth,2018-08-25,304696
eth,2018-08-26,320400
eth,2018-08-27,329885
eth,2018-08-28,320916
eth,2018-08-29,267879
eth,2018-08-30,287916
eth,2018-08-31,290044
eth,2018-09-01,322434
eth,2018-09-02,333290
eth,2018-09-03,340844
eth,2018-09-04,316527
eth,2018-09-05,321744
eth,2018-09-06,303884
eth,2018-09-07,305417
eth,2018-09-08,281740
eth,2018-09-09,284904
eth,2018-09-10,282579
eth,2018-09-11,261353
eth,2018-09-12,261275
eth,2018-09-13,276678
eth,2018-09-14,258740
eth,2018-09-15,244687
eth,2018-09-16,228206
eth,2018-09-17,291307
eth,2018-09-18,258463
eth,2018-09-19,235612
eth,2018-09-20,261726
eth,2018-09-21,254561
eth,2018-09-22,231040
eth,2018-09-23,228519
eth,2018-09-24,226513
eth,2018-09-25,238299
eth,2018-09-26,221050
eth,2018-09-27,242499
eth,2018-09-28,249548
eth,2018-09-29,222349
eth,2018-09-30,242254
eth,2018-10-01,235188
eth,2018-10-02,237819
eth,2018-10-03,288662
eth,2018-10-04,294709
eth,2018-10-05,315425
eth,2018-10-06,326444
eth,2018-10-07,266999
eth,2018-10-08,281024
eth,2018-10-09,278759
eth,2018-10-10,259112
eth,2018-10-11,276591
eth,2018-10-12,277706
eth,2018-10-13,281709
eth,2018-10-14,286828
eth,2018-10-15,298338
eth,2018-10-16,304839
eth,2018-10-17,308025
eth,2018-10-18,316673
eth,2018-10-19,287643
eth,2018-10-20,344066
eth,2018-10-21,308778
eth,2018-10-22,333040
eth,2018-10-23,313343
eth,2018-10-24,323381
eth,2018-10-25,314814
eth,2018-10-26,318269
eth,2018-10-27,308409
eth,2018-10-28,333518
eth,2018-10-29,333546
eth,2018-10-30,359738
eth,2018-10-31,352140
eth,2018-11-01,317485
eth,2018-11-02,267634
eth,2018-11-03,278264
eth,2018-11-04,299497
eth,2018-11-05,291779
eth,2018-11-06,278348
eth,2018-11-07,270280
eth,2018-11-08,288705
eth,2018-11-09,316813
eth,2018-11-10,329225
eth,2018-11-11,355871
eth,2018-11-12,327353
eth,2018-11-13,336439
eth,2018-11-14,336750
eth,2018-11-15,367079
eth,2018-11-16,330177
eth,2018-11-17,336902
eth,2018-11-18,311575
eth,2018-11-19,362855
eth,2018-11-20,325428
eth,2018-11-21,305267
eth,2018-11-22,304552
eth,2018-11-23,296227
eth,2018-11-24,285249
eth,2018-11-25,306399
eth,2018-11-26,324681
eth,2018-11-27,325795
eth,2018-11-28,321224
eth,2018-11-29,263790
eth,2018-11-30,278002
eth,2018-12-01,310612
eth,2018-12-02,276777
eth,2018-12-03,269535
eth,2018-12-04,258028
eth,2018-12-05,279019
eth,2018-12-06,283624
eth,2018-12-07,313613
eth,2018-12-08,333138
eth,2018-12-09,289050
eth,2018-12-10,290286
eth,2018-12-11,282399
eth,2018-12-12,314610
eth,2018-12-13,303851
eth,2018-12-14,297473
eth,2018-12-15,378120
eth,2018-12-16,372962
eth,2018-12-17,303060
eth,2018-12-18,277282
eth,2018-12-19,322980
eth,2018-12-20,340424
eth,2018-12-21,320212
eth,2018-12-22,325282
eth,2018-12-23,357263
eth,2018-12-24,346049
eth,2018-12-25,252176
eth,2018-12-26,288376
eth,2018-12-27,297630
eth,2018-12-28,314344
eth,2018-12-29,314501
eth,2018-12-30,247598
eth,2018-12-31,286665
eth,2019-01-01,227755
eth,2019-01-02,266633
eth,2019-01-03,298379
eth,2019-01-04,264923
eth,2019-01-05,257064
eth,2019-01-06,266956
eth,2019-01-07,288553
eth,2019-01-08,277503
eth,2019-01-09,279728
eth,2019-01-10,276872
eth,2019-01-11,309317
eth,2019-01-12,267659
eth,2019-01-13,260303
eth,2019-01-14,296695
eth,2019-01-15,277216
eth,2019-01-16,259885
eth,2019-01-17,249911
eth,2019-01-18,250566
eth,2019-01-19,235309
eth,2019-01-20,234174
eth,2019-01-21,242165
eth,2019-01-22,221052
eth,2019-01-23,241743
eth,2019-01-24,232516
eth,2019-01-25,242692
eth,2019-01-26,281294
eth,2019-01-27,253559
eth,2019-01-28,275560
eth,2019-01-29,247558
eth,2019-01-30,244601
eth,2019-01-31,226825
eth,2019-02-01,233701
eth,2019-02-02,230615
eth,2019-02-03,217389
eth,2019-02-04,208209
eth,2019-02-05,214341
eth,2019-02-06,210354
eth,2019-02-07,196941
eth,2019-02-08,210686
eth,2019-02-09,193871
eth,2019-02-10,171484
eth,2019-02-11,195256
eth,2019-02-12,207073
eth,2019-02-13,206023
eth,2019-02-14,207805
eth,2019-02-15,208673
eth,2019-02-16,215553
eth,2019-02-17,203761
eth,2019-02-18,248067
eth,2019-02-19,235079
eth,2019-02-20,218723
eth,2019-02-21,210293
eth,2019-02-22,217612
eth,2019-02-23,211612
eth,2019-02-24,217755
eth,2019-02-25,231575
eth,2019-02-26,239116
eth,2019-02-27,235484
eth,2019-02-28,233394
eth,2019-03-01,268402
eth,2019-03-02,279249
eth,2019-03-03,291044
eth,2019-03-04,272293
eth,2019-03-05,270746
eth,2019-03-06,266235
eth,2019-03-07,279134
eth,2019-03-08,272589
eth,2019-03-09,284250
eth,2019-03-10,248152
eth,2019-03-11,262743
eth,2019-03-12,298223
eth,2019-03-13,272122
eth,2019-03-14,280348
eth,2019-03-15,258613
eth,2019-03-16,268643
eth,2019-03-17,282235
eth,2019-03-18,263811
eth,2019-03-19,265142
eth,2019-03-20,261950
eth,2019-03-21,237078
eth,2019-03-22,247350
eth,2019-03-23,241066
eth,2019-03-24,260748
eth,2019-03-25,294083
eth,2019-03-26,275745
eth,2019-03-27,262880
eth,2019-03-28,277318
eth,2019-03-29,257930
eth,2019-03-30,249624
eth,2019-03-31,241677
eth,2019-04-01,296278
eth,2019-04-02,336880
eth,2019-04-03,320514
eth,2019-04-04,283098
eth,2019-04-05,290567
eth,2019-04-06,281955
eth,2019-04-07,287126
eth,2019-04-08,299606
eth,2019-04-09,296515
eth,2019-04-10,300565
eth,2019-04-11,314322
eth,2019-04-12,320739
eth,2019-04-13,290028
eth,2019-04-14,245862
eth,2019-04-15,294905
eth,2019-04-16,283757
eth,2019-04-17,308498
eth,2019-04-18,325334
eth,2019-04-19,336310
eth,2019-04-20,369030
eth,2019-04-21,307683
eth,2019-04-22,335022
eth,2019-04-23,356264
eth,2019-04-24,344470
eth,2019-04-25,299191
eth,2019-04-26,307928
eth,2019-04-27,258512
eth,2019-04-28,256712
eth,2019-04-29,274907
eth,2019-04-30,292816
eth,2019-05-01,291650
eth,2019-05-02,266188
eth,2019-05-03,275199
eth,2019-05-04,256938
eth,2019-05-05,261416
eth,2019-05-06,282859
eth,2019-05-07,277792
eth,2019-05-08,277410
eth,2019-05-09,281070
eth,2019-05-10,310015
eth,2019-05-11,320467
eth,2019-05-12,286729
eth,2019-05-13,320643
eth,2019-05-14,355627
eth,2019-05-15,369579
eth,2019-05-16,399571
eth,2019-05-17,357861
eth,2019-05-18,318252
eth,2019-05-19,330704
eth,2019-05-20,331537
eth,2019-05-21,370207
eth,2019-05-22,331007
eth,2019-05-23,339775
eth,2019-05-24,350611
eth,2019-05-25,323361
eth,2019-05-26,319134
eth,2019-05-27,361711
eth,2019-05-28,350001
eth,2019-05-29,346909
eth,2019-05-30,352640
eth,2019-05-31,399069
eth,2019-06-01,508448
eth,2019-06-02,435046
eth,2019-06-03,393251
eth,2019-06-04,361274
eth,2019-06-05,324986
eth,2019-06-06,413745
eth,2019-06-07,311139
eth,2019-06-08,276543
eth,2019-06-09,355087
eth,2019-06-10,325166
eth,2019-06-11,381772
eth,2019-06-12,480717
eth,2019-06-13,360497
eth,2019-06-14,351579
eth,2019-06-15,330124
eth,2019-06-16,443504
eth,2019-06-17,338539
eth,2019-06-18,378719
eth,2019-06-19,331466
eth,2019-06-20,313165
eth,2019-06-21,390272
eth,2019-06-22,379012
eth,2019-06-23,339193
eth,2019-06-24,363545
eth,2019-06-25,350197
eth,2019-06-26,388619
eth,2019-06-27,357014
eth,2019-06-28,325663
eth,2019-06-29,310251
eth,2019-06-30,275123
eth,2019-07-01,309889
eth,2019-07-02,382288
eth,2019-07-03,370570
eth,2019-07-04,360399
eth,2019-07-05,319406
eth,2019-07-06,318241
eth,2019-07-07,309297
eth,2019-07-08,335258
eth,2019-07-09,351558
eth,2019-07-10,347412
eth,2019-07-11,313587
eth,2019-07-12,343689
eth,2019-07-13,287614
eth,2019-07-14,297781
eth,2019-07-15,360602
eth,2019-07-16,268611
eth,2019-07-17,312639
eth,2019-07-18,308987
eth,2019-07-19,296342
eth,2019-07-20,293720
eth,2019-07-21,284257
eth,2019-07-22,332359
eth,2019-07-23,295644
eth,2019-07-24,268921
eth,2019-07-25,271079
eth,2019-07-26,314692
eth,2019-07-27,279933
eth,2019-07-28,292897
eth,2019-07-29,304681
eth,2019-07-30,331809
eth,2019-07-31,294035
eth,2019-08-01,269308
eth,2019-08-02,299037
eth,2019-08-03,259678
eth,2019-08-04,301295
eth,2019-08-05,335179
eth,2019-08-06,346542
eth,2019-08-07,310904
eth,2019-08-08,306119
eth,2019-08-09,326034
eth,2019-08-10,315155
eth,2019-08-11,293410
eth,2019-08-12,349597
eth,2019-08-13,322202
eth,2019-08-14,321012
eth,2019-08-15,304059
eth,2019-08-16,325186
eth,2019-08-17,290153
eth,2019-08-18,283406
eth,2019-08-19,295257
eth,2019-08-20,304960
eth,2019-08-21,316421
eth,2019-08-22,305383
eth,2019-08-23,312715
eth,2019-08-24,297544
eth,2019-08-25,295058
eth,2019-08-26,309070
eth,2019-08-27,308164
eth,2019-08-28,303065
eth,2019-08-29,308537
eth,2019-08-30,288572
eth,2019-08-31,282011
eth,2019-09-01,275912
eth,2019-09-02,319698
eth,2019-09-03,303296
eth,2019-09-04,296005
eth,2019-09-05,326386
eth,2019-09-06,320381
eth,2019-09-07,284448
eth,2019-09-08,279927
eth,2019-09-09,316921
eth,2019-09-10,296904
eth,2019-09-11,295327
eth,2019-09-12,301354
eth,2019-09-13,270785
eth,2019-09-14,271533
eth,2019-09-15,277976
eth,2019-09-16,307380
eth,2019-09-17,297547
eth,2019-09-18,305563
eth,2019-09-19,295149
eth,2019-09-20,309840
eth,2019-09-21,242789
eth,2019-09-22,239625
eth,2019-09-23,251471
eth,2019-09-24,296761
eth,2019-09-25,278971
eth,2019-09-26,265068
eth,2019-09-27,268165
eth,2019-09-28,248610
eth,2019-09-29,231663
eth,2019-09-30,285523
eth,2019-10-01,339783
eth,2019-10-02,327680
eth,2019-10-03,288751
eth,2019-10-04,268748
eth,2019-10-05,272795
eth,2019-10-06,343035
eth,2019-10-07,284288
eth,2019-10-08,306302
eth,2019-10-09,318125
eth,2019-10-10,326182
eth,2019-10-11,315705
eth,2019-10-12,279716
eth,2019-10-13,250851
eth,2019-10-14,300285
eth,2019-10-15,302212
eth,2019-10-16,291507
eth,2019-10-17,285894
eth,2019-10-18,310446
eth,2019-10-19,276993
eth,2019-10-20,248121
eth,2019-10-21,271474
eth,2019-10-22,274766
eth,2019-10-23,275838
eth,2019-10-24,272369
eth,2019-10-25,290755
eth,2019-10-26,303660
eth,2019-10-27,256776
eth,2019-10-28,290065
eth,2019-10-29,283366
eth,2019-10-30,278695
eth,2019-10-31,288701
eth,2019-11-01,287405
eth,2019-11-02,243269
eth,2019-11-03,230486
eth,2019-11-04,262207
eth,2019-11-05,302907
eth,2019-11-06,289661
eth,2019-11-07,375764
eth,2019-11-08,275241
eth,2019-11-09,230831
eth,2019-11-10,257611
eth,2019-11-11,284231
eth,2019-11-12,285556
eth,2019-11-13,278616
eth,2019-11-14,271266
eth,2019-11-15,257911
eth,2019-11-16,233167
eth,2019-11-17,242722
eth,2019-11-18,269423
eth,2019-11-19,283555
eth,2019-11-20,269725
eth,2019-11-21,306522
eth,2019-11-22,341671
eth,2019-11-23,281447
eth,2019-11-24,247215
eth,2019-11-25,326634
eth,2019-11-26,264714
eth,2019-11-27,252198
eth,2019-11-28,260028
eth,2019-11-29,280233
eth,2019-11-30,255240
eth,2019-12-01,244768
eth,2019-12-02,283061
eth,2019-12-03,250073
eth,2019-12-04,253029
eth,2019-12-05,288568
eth,2019-12-06,239911
eth,2019-12-07,207488
eth,2019-12-08,200052
eth,2019-12-09,269250
eth,2019-12-10,249591
eth,2019-12-11,250575
eth,2019-12-12,325420
eth,2019-12-13,346490
eth,2019-12-14,320605
eth,2019-12-15,327301
eth,2019-12-16,308325
eth,2019-12-17,285240
eth,2019-12-18,294956
eth,2019-12-19,277875
eth,2019-12-20,302200
eth,2019-12-21,358805
eth,2019-12-22,298388
eth,2019-12-23,295909
eth,2019-12-24,307989
eth,2019-12-25,314833
eth,2019-12-26,298790
eth,2019-12-27,259478
eth,2019-12-28,243589
eth,2019-12-29,270245
eth,2019-12-30,261226
eth,2019-12-31,232196
eth,2020-01-01,231794
eth,2020-01-02,220624
eth,2020-01-03,255934
eth,2020-01-04,240546
eth,2020-01-05,229160
eth,2020-01-06,274755
eth,2020-01-07,276248
eth,2020-01-08,283219
eth,2020-01-09,282797
eth,2020-01-10,329508
eth,2020-01-11,281332
eth,2020-01-12,231191
eth,2020-01-13,260729
eth,2020-01-14,311555
eth,2020-01-15,321562
eth,2020-01-16,305974
eth,2020-01-17,295218
eth,2020-01-18,290720
eth,2020-01-19,269233
eth,2020-01-20,258251
eth,2020-01-21,287729
eth,2020-01-22,272179
eth,2020-01-23,257578
eth,2020-01-24,209705
eth,2020-01-25,208598
eth,2020-01-26,195000
eth,2020-01-27,238758
eth,2020-01-28,231471
eth,2020-01-29,231564
eth,2020-01-30,244211
eth,2020-01-31,239398
eth,2020-02-01,236095
eth,2020-02-02,235359
eth,2020-02-03,277543
eth,2020-02-04,234304
eth,2020-02-05,274536
eth,2020-02-06,287091
eth,2020-02-07,285999
eth,2020-02-08,348397
eth,2020-02-09,305845
eth,2020-02-10,318635
eth,2020-02-11,319771
eth,2020-02-12,394534
eth,2020-02-13,374630
eth,2020-02-14,323942
eth,2020-02-15,343999
eth,2020-02-16,337792
eth,2020-02-17,333123
eth,2020-02-18,344572
eth,2020-02-19,333141
eth,2020-02-20,317504
eth,2020-02-21,323587
eth,2020-02-22,314925
eth,2020-02-23,311622
eth,2020-02-24,320273
eth,2020-02-25,308551
eth,2020-02-26,368983
eth,2020-02-27,367385
eth,2020-02-28,387502
eth,2020-02-29,294354
eth,2020-03-01,321679
eth,2020-03-02,332395
eth,2020-03-03,335468
eth,2020-03-04,313708
eth,2020-03-05,321218
eth,2020-03-06,332267
eth,2020-03-07,290494
eth,2020-03-08,327289
eth,2020-03-09,383558
eth,2020-03-10,326753
eth,2020-03-11,348656
eth,2020-03-12,408928
eth,2020-03-13,400311
eth,2020-03-14,460743
eth,2020-03-15,438224
eth,2020-03-16,473741
eth,2020-03-17,445445
eth,2020-03-18,434714
eth,2020-03-19,465615
eth,2020-03-20,497777
eth,2020-03-21,537404
eth,2020-03-22,379207
eth,2020-03-23,426308
eth,2020-03-24,387996
eth,2020-03-25,380672
eth,2020-03-26,411661
eth,2020-03-27,394055
eth,2020-03-28,376618
eth,2020-03-29,318335
eth,2020-03-30,344397
eth,2020-03-31,353932
eth,2020-04-01,333042
eth,2020-04-02,340841
eth,2020-04-03,327371
eth,2020-04-04,325061
eth,2020-04-05,309777
eth,2020-04-06,388788
eth,2020-04-07,365713
eth,2020-04-08,419382
eth,2020-04-09,383729
eth,2020-04-10,376454
eth,2020-04-11,387711
eth,2020-04-12,365811
eth,2020-04-13,380405
eth,2020-04-14,384946
eth,2020-04-15,366353
eth,2020-04-16,368015
eth,2020-04-17,384794
eth,2020-04-18,408020
eth,2020-04-19,377254
eth,2020-04-20,386452
eth,2020-04-21,371823
eth,2020-04-22,369457
eth,2020-04-23,412555
eth,2020-04-24,391035
eth,2020-04-25,385847
eth,2020-04-26,397842
eth,2020-04-27,390999
eth,2020-04-28,404598
eth,2020-04-29,427482
eth,2020-04-30,417656
eth,2020-05-01,404034
eth,2020-05-02,398595
eth,2020-05-03,401201
eth,2020-05-04,362848
eth,2020-05-05,366254
eth,2020-05-06,384165
eth,2020-05-07,401731
eth,2020-05-08,407113
eth,2020-05-09,412090
eth,2020-05-10,415159
eth,2020-05-11,414250
eth,2020-05-12,378729
eth,2020-05-13,365732
eth,2020-05-14,364002
eth,2020-05-15,377934
eth,2020-05-16,375179
eth,2020-05-17,375674
eth,2020-05-18,381426
eth,2020-05-19,402897
eth,2020-05-20,385900
eth,2020-05-21,399759
eth,2020-05-22,413266
eth,2020-05-23,403516
eth,2020-05-24,366826
eth,2020-05-25,384146
eth,2020-05-26,399709
eth,2020-05-27,375085
eth,2020-05-28,405928
eth,2020-05-29,448382
eth,2020-05-30,420854
eth,2020-05-31,411586
eth,2020-06-01,418707
eth,2020-06-02,459219
eth,2020-06-03,418567
eth,2020-06-04,464243
eth,2020-06-05,562284
eth,2020-06-06,453437
eth,2020-06-07,395673
eth,2020-06-08,440239
eth,2020-06-09,436143
eth,2020-06-10,402483
eth,2020-06-11,409839
eth,2020-06-12,448201
eth,2020-06-13,443429
eth,2020-06-14,411985
eth,2020-06-15,442189
eth,2020-06-16,429484
eth,2020-06-17,396283
eth,2020-06-18,469733
eth,2020-06-19,457647
eth,2020-06-20,496236
eth,2020-06-21,470005
eth,2020-06-22,447809
eth,2020-06-23,489995
eth,2020-06-24,485760
eth,2020-06-25,498356
eth,2020-06-26,503748
eth,2020-06-27,489823
eth,2020-06-28,513042
eth,2020-06-29,545051
eth,2020-06-30,512942
eth,2020-07-01,504674
eth,2020-07-02,542715
eth,2020-07-03,506616
eth,2020-07-04,530885
eth,2020-07-05,564010
eth,2020-07-06,521875
eth,2020-07-07,548179
eth,2020-07-08,515130
eth,2020-07-09,511545
eth,2020-07-10,506070
eth,2020-07-11,569659
eth,2020-07-12,567829
eth,2020-07-13,529772
eth,2020-07-14,520157
eth,2020-07-15,520924
eth,2020-07-16,447490
eth,2020-07-17,475009
eth,2020-07-18,447224
eth,2020-07-19,462835
eth,2020-07-20,478223
eth,2020-07-21,440067
eth,2020-07-22,470998
eth,2020-07-23,491363
eth,2020-07-24,487996
eth,2020-07-25,510336
eth,2020-07-26,519206
eth,2020-07-27,551497
eth,2020-07-28,596151
eth,2020-07-29,523675
eth,2020-07-30,521352
eth,2020-07-31,550668
eth,2020-08-01,562801
eth,2020-08-02,626146
eth,2020-08-03,575598
eth,2020-08-04,594577
eth,2020-08-05,611242
eth,2020-08-06,582260
eth,2020-08-07,529429
eth,2020-08-08,532607
eth,2020-08-09,493476
eth,2020-08-10,500790
eth,2020-08-11,473147
eth,2020-08-12,440096
eth,2020-08-13,486979
eth,2020-08-14,520788
eth,2020-08-15,600612
eth,2020-08-16,549697
eth,2020-08-17,526760
eth,2020-08-18,467068
eth,2020-08-19,474989
eth,2020-08-20,467326
eth,2020-08-21,492967
eth,2020-08-22,555166
eth,2020-08-23,582203
eth,2020-08-24,489798
eth,2020-08-25,509157
eth,2020-08-26,516867
eth,2020-08-27,538449
eth,2020-08-28,510764
eth,2020-08-29,453869
eth,2020-08-30,390040
eth,2020-08-31,412302
eth,2020-09-01,434255
eth,2020-09-02,405978
eth,2020-09-03,410463
eth,2020-09-04,476106
eth,2020-09-05,403351
eth,2020-09-06,544008
eth,2020-09-07,470998
eth,2020-09-08,520483
eth,2020-09-09,406766
eth,2020-09-10,365959
eth,2020-09-11,356479
eth,2020-09-12,405023
eth,2020-09-13,418818
eth,2020-09-14,384998
eth,2020-09-15,408754
eth,2020-09-16,391793
eth,2020-09-17,499706
eth,2020-09-18,480140
eth,2020-09-19,481384
eth,2020-09-20,465984
eth,2020-09-21,486381
eth,2020-09-22,431660
eth,2020-09-23,454852
eth,2020-09-24,487588
eth,2020-09-25,455205
eth,2020-09-26,491205
eth,2020-09-27,488227
eth,2020-09-28,434364
eth,2020-09-29,429114
eth,2020-09-30,412900
eth,2020-10-01,447266
eth,2020-10-02,458931
eth,2020-10-03,470605
eth,2020-10-04,472428
eth,2020-10-05,406952
eth,2020-10-06,423241
eth,2020-10-07,428105
eth,2020-10-08,430143
eth,2020-10-09,463202
eth,2020-10-10,472917
eth,2020-10-11,567079
eth,2020-10-12,496784
eth,2020-10-13,507728
eth,2020-10-14,499023
eth,2020-10-15,622855
eth,2020-10-16,649222
eth,2020-10-17,654595
eth,2020-10-18,622632
eth,2020-10-19,490775
eth,2020-10-20,484476
eth,2020-10-21,499062
eth,2020-10-22,519373
eth,2020-10-23,518375
eth,2020-10-24,603627
eth,2020-10-25,586099
eth,2020-10-26,491011
eth,2020-10-27,516481
eth,2020-10-28,485592
eth,2020-10-29,437339
eth,2020-10-30,487850
eth,2020-10-31,523774
eth,2020-11-01,524955
eth,2020-11-02,489991
eth,2020-11-03,506038
eth,2020-11-04,624329
eth,2020-11-05,501093
eth,2020-11-06,572051
eth,2020-11-07,543960
eth,2020-11-08,606393
eth,2020-11-09,544076
eth,2020-11-10,490165
eth,2020-11-11,644637
eth,2020-11-12,587185
eth,2020-11-13,521391
eth,2020-11-14,570886
eth,2020-11-15,502932
eth,2020-11-16,496245
eth,2020-11-17,516398
eth,2020-11-18,498948
eth,2020-11-19,497407
eth,2020-11-20,528074
eth,2020-11-21,576465
eth,2020-11-22,555648
eth,2020-11-23,555902
eth,2020-11-24,543358
eth,2020-11-25,544007
eth,2020-11-26,550014
eth,2020-11-27,557981
eth,2020-11-28,688338
eth,2020-11-29,738442
eth,2020-11-30,526154
eth,2020-12-01,557803
eth,2020-12-02,463101
eth,2020-12-03,497765
eth,2020-12-04,490687
eth,2020-12-05,561872
eth,2020-12-06,503911
eth,2020-12-07,502914
eth,2020-12-08,496763
eth,2020-12-09,495313
eth,2020-12-10,461397
eth,2020-12-11,482120
eth,2020-12-12,508541
eth,2020-12-13,567528
eth,2020-12-14,540146
eth,2020-12-15,525003
eth,2020-12-16,568397
eth,2020-12-17,630989
eth,2020-12-18,553059
eth,2020-12-19,545504
eth,2020-12-20,486928
eth,2020-12-21,485929
eth,2020-12-22,478230
eth,2020-12-23,535032
eth,2020-12-24,524268
eth,2020-12-25,474891
eth,2020-12-26,464883
eth,2020-12-27,507617
eth,2020-12-28,544393
eth,2020-12-29,519247
eth,2020-12-30,521592
eth,2020-12-31,488771
eth,2021-01-01,510101
eth,2021-01-02,514897
eth,2021-01-03,583016
eth,2021-01-04,622703
eth,2021-01-05,590567
eth,2021-01-06,615397
eth,2021-01-07,657940
eth,2021-01-08,625529
eth,2021-01-09,611577
eth,2021-01-10,616425
eth,2021-01-11,639488
eth,2021-01-12,560453
eth,2021-01-13,544429
eth,2021-01-14,569395
eth,2021-01-15,585278
eth,2021-01-16,574479
eth,2021-01-17,548825
eth,2021-01-18,556477
eth,2021-01-19,601608
eth,2021-01-20,565812
eth,2021-01-21,540817
eth,2021-01-22,532996
eth,2021-01-23,513611
eth,2021-01-24,514920
eth,2021-01-25,545218
eth,2021-01-26,561114
eth,2021-01-27,502562
eth,2021-01-28,554632
eth,2021-01-29,629038
eth,2021-01-30,602899
eth,2021-01-31,571050
eth,2021-02-01,577465
eth,2021-02-02,606118
eth,2021-02-03,631087
eth,2021-02-04,636305
eth,2021-02-05,608627
eth,2021-02-06,631036
eth,2021-02-07,617266
eth,2021-02-08,628030
eth,2021-02-09,602870
eth,2021-02-10,615258
eth,2021-02-11,612147
eth,2021-02-12,594586
eth,2021-02-13,563728
eth,2021-02-14,555362
eth,2021-02-15,570428
eth,2021-02-16,569471
eth,2021-02-17,583485
eth,2021-02-18,601008
eth,2021-02-19,628239
eth,2021-02-20,643508
eth,2021-02-21,604275
eth,2021-02-22,621854
eth,2021-02-23,627532
eth,2021-02-24,623761
eth,2021-02-25,617442
eth,2021-02-26,605207
eth,2021-02-27,566703
eth,2021-02-28,581312
eth,2021-03-01,579328
eth,2021-03-02,595815
eth,2021-03-03,559290
eth,2021-03-04,598759
eth,2021-03-05,523336
eth,2021-03-06,540482
eth,2021-03-07,499681
eth,2021-03-08,533766
eth,2021-03-09,574924
eth,2021-03-10,582839
eth,2021-03-11,623451
eth,2021-03-12,592344
eth,2021-03-13,591289
eth,2021-03-14,586582
eth,2021-03-15,592456
eth,2021-03-16,587909
eth,2021-03-17,568872
eth,2021-03-18,593537
eth,2021-03-19,594703
eth,2021-03-20,578797
eth,2021-03-21,586231
eth,2021-03-22,569907
eth,2021-03-23,600962
eth,2021-03-24,598323
eth,2021-03-25,631921
eth,2021-03-26,583327
eth,2021-03-27,585373
eth,2021-03-28,572638
eth,2021-03-29,576264
eth,2021-03-30,575013
eth,2021-03-31,604978
eth,2021-04-01,650309
eth,2021-04-02,658067
eth,2021-04-03,599988
eth,2021-04-04,598827
eth,2021-04-05,615638
eth,2021-04-06,618991
eth,2021-04-07,613188
eth,2021-04-08,623895
eth,2021-04-09,604995
eth,2021-04-10,686485
eth,2021-04-11,648054
eth,2021-04-12,647932
eth,2021-04-13,639676
eth,2021-04-14,660252
eth,2021-04-15,603416
eth,2021-04-16,679754
eth,2021-04-17,690473
eth,2021-04-18,671585
eth,2021-04-19,714303
eth,2021-04-20,765455
eth,2021-04-21,769061
eth,2021-04-22,765287
eth,2021-04-23,752702
eth,2021-04-24,896808
eth,2021-04-25,901911
eth,2021-04-26,746503
eth,2021-04-27,763975
eth,2021-04-28,733611
eth,2021-04-29,732180
eth,2021-04-30,718364
eth,2021-05-01,805198
eth,2021-05-02,769732
eth,2021-05-03,770330
eth,2021-05-04,783365
eth,2021-05-05,787175
eth,2021-05-06,771566
eth,2021-05-07,753949
eth,2021-05-08,843892
eth,2021-05-09,890713
eth,2021-05-10,853624
eth,2021-05-11,864611
eth,2021-05-12,838260
eth,2021-05-13,878849
eth,2021-05-14,805755
eth,2021-05-15,768273
eth,2021-05-16,745201
eth,2021-05-17,726562
eth,2021-05-18,687604
eth,2021-05-19,793161
eth,2021-05-20,764071
eth,2021-05-21,697499
eth,2021-05-22,686947
eth,2021-05-23,751221
eth,2021-05-24,693847
eth,2021-05-25,652514
eth,2021-05-26,685336
eth,2021-05-27,720290
eth,2021-05-28,644047
eth,2021-05-29,794192
eth,2021-05-30,734624
eth,2021-05-31,733140
eth,2021-06-01,677920
eth,2021-06-02,648077
eth,2021-06-03,683741
eth,2021-06-04,711636
eth,2021-06-05,826004
eth,2021-06-06,801579
eth,2021-06-07,655320
eth,2021-06-08,614894
eth,2021-06-09,626011
eth,2021-06-10,653958
eth,2021-06-11,612641
eth,2021-06-12,689502
eth,2021-06-13,668513
eth,2021-06-14,632306
eth,2021-06-15,624917
eth,2021-06-16,587775
eth,2021-06-17,584095
eth,2021-06-18,575623
eth,2021-06-19,577194
eth,2021-06-20,640273
eth,2021-06-21,642471
eth,2021-06-22,664525
eth,2021-06-23,627659
eth,2021-06-24,655167
eth,2021-06-25,630078
eth,2021-06-26,681695
eth,2021-06-27,707381
eth,2021-06-28,819820
eth,2021-06-29,675964
eth,2021-06-30,624034
eth,2021-07-01,614828
eth,2021-07-02,629288
eth,2021-07-03,654247
eth,2021-07-04,653685
eth,2021-07-05,618615
eth,2021-07-06,582960
eth,2021-07-07,588423
eth,2021-07-08,588538
eth,2021-07-09,593720
eth,2021-07-10,544549
eth,2021-07-11,578124
eth,2021-07-12,551183
eth,2021-07-13,564378
eth,2021-07-14,588607
eth,2021-07-15,602431
eth,2021-07-16,568019
eth,2021-07-17,546153
eth,2021-07-18,533205
eth,2021-07-19,581805
eth,2021-07-20,586375
eth,2021-07-21,600059
eth,2021-07-22,590183
eth,2021-07-23,612742
eth,2021-07-24,627527
eth,2021-07-25,566614
eth,2021-07-26,651897
eth,2021-07-27,731645
eth,2021-07-28,691120
eth,2021-07-29,628698
eth,2021-07-30,625795
eth,2021-07-31,615234
eth,2021-08-01,609619
eth,2021-08-02,647157
eth,2021-08-03,597708
eth,2021-08-04,605814
eth,2021-08-05,527820
eth,2021-08-06,528548
eth,2021-08-07,515004
eth,2021-08-08,528091
eth,2021-08-09,515125
eth,2021-08-10,521466
eth,2021-08-11,524067
eth,2021-08-12,527452
eth,2021-08-13,522902
eth,2021-08-14,500097
eth,2021-08-15,490025
eth,2021-08-16,542706
eth,2021-08-17,530631
eth,2021-08-18,513849
eth,2021-08-19,563048
eth,2021-08-20,562206
eth,2021-08-21,529226
eth,2021-08-22,512238
eth,2021-08-23,538781
eth,2021-08-24,521033
eth,2021-08-25,499356
eth,2021-08-26,498865
eth,2021-08-27,484937
eth,2021-08-28,507968
eth,2021-08-29,492972
eth,2021-08-30,518590
eth,2021-08-31,552051
eth,2021-09-01,557664
eth,2021-09-02,567054
eth,2021-09-03,512273
eth,2021-09-04,520028
eth,2021-09-05,497385
eth,2021-09-06,526971
eth,2021-09-07,558574
eth,2021-09-08,525184
eth,2021-09-09,531348
eth,2021-09-10,570843
eth,2021-09-11,627702
eth,2021-09-12,571552
eth,2021-09-13,631800
eth,2021-09-14,582576
eth,2021-09-15,573831
eth,2021-09-16,548933
eth,2021-09-17,524419
eth,2021-09-18,536378
eth,2021-09-19,516797
eth,2021-09-20,495259
eth,2021-09-21,524490
eth,2021-09-22,534705
eth,2021-09-23,534321
eth,2021-09-24,506369
eth,2021-09-25,520155
eth,2021-09-26,473719
eth,2021-09-27,502882
eth,2021-09-28,495482
eth,2021-09-29,507212
eth,2021-09-30,499026
eth,2021-10-01,571554
eth,2021-10-02,520147
eth,2021-10-03,522882
eth,2021-10-04,495268
eth,2021-10-05,562663
eth,2021-10-06,663597
eth,2021-10-07,629637
eth,2021-10-08,600443
eth,2021-10-09,585763
eth,2021-10-10,537497
eth,2021-10-11,538818
eth,2021-10-12,546484
eth,2021-10-13,531985
eth,2021-10-14,554283
eth,2021-10-15,556421
eth,2021-10-16,583223
eth,2021-10-17,551918
eth,2021-10-18,571994
eth,2021-10-19,590941
eth,2021-10-20,617867
eth,2021-10-21,614826
eth,2021-10-22,599968
eth,2021-10-23,613428
eth,2021-10-24,597172
eth,2021-10-25,601353
eth,2021-10-26,611277
eth,2021-10-27,619064
eth,2021-10-28,692894
eth,2021-10-29,711169
eth,2021-10-30,659889
eth,2021-10-31,627757
eth,2021-11-01,659285
eth,2021-11-02,676772
eth,2021-11-03,698045
eth,2021-11-04,667719
eth,2021-11-05,653772
eth,2021-11-06,626349
eth,2021-11-07,635934
eth,2021-11-08,652985
eth,2021-11-09,615663
eth,2021-11-10,667073
eth,2021-11-11,648381
eth,2021-11-12,643077
eth,2021-11-13,645914
eth,2021-11-14,643453
eth,2021-11-15,606035
eth,2021-11-16,609878
eth,2021-11-17,695411
eth,2021-11-18,591158
eth,2021-11-19,609854
eth,2021-11-20,557039
eth,2021-11-21,607663
eth,2021-11-22,546020
eth,2021-11-23,580960
eth,2021-11-24,603666
eth,2021-11-25,593203
eth,2021-11-26,600396
eth,2021-11-27,550277
eth,2021-11-28,527846
eth,2021-11-29,600952
eth,2021-11-30,626326
eth,2021-12-01,580963
eth,2021-12-02,608129
eth,2021-12-03,565386
eth,2021-12-04,552442
eth,2021-12-05,827716
eth,2021-12-06,590752
eth,2021-12-07,596211
eth,2021-12-08,646033
eth,2021-12-09,607679
eth,2021-12-10,615402
eth,2021-12-11,580529
eth,2021-12-12,597666
eth,2021-12-13,610119
eth,2021-12-14,617851
eth,2021-12-15,607023
eth,2021-12-16,601543
eth,2021-12-17,615023
eth,2021-12-18,567903
eth,2021-12-19,565355
eth,2021-12-20,591470
eth,2021-12-21,597365
eth,2021-12-22,628066
eth,2021-12-23,593940
eth,2021-12-24,629177
eth,2021-12-25,609518
eth,2021-12-26,592616
eth,2021-12-27,621784
eth,2021-12-28,595032
eth,2021-12-29,564074
eth,2021-12-30,602454
eth,2021-12-31,578540
eth,2022-01-01,581310
eth,2022-01-02,551998
eth,2022-01-03,591354
eth,2022-01-04,601544
eth,2022-01-05,632107
eth,2022-01-06,607697
eth,2022-01-07,589283
eth,2022-01-08,596125
eth,2022-01-09,534489
eth,2022-01-10,524870
eth,2022-01-11,591386
eth,2022-01-12,634922
eth,2022-01-13,658808
eth,2022-01-14,593126
eth,2022-01-15,616538
eth,2022-01-16,591290
eth,2022-01-17,592963
eth,2022-01-18,584159
eth,2022-01-19,606823
eth,2022-01-20,591925
eth,2022-01-21,567601
eth,2022-01-22,566830
eth,2022-01-23,541674
eth,2022-01-24,550404
eth,2022-01-25,571545
eth,2022-01-26,559574
eth,2022-01-27,537711
eth,2022-01-28,563345
eth,2022-01-29,564639
eth,2022-01-30,581901
eth,2022-01-31,603862
eth,2022-02-01,596580
eth,2022-02-02,582512
eth,2022-02-03,564022
eth,2022-02-04,600857
eth,2022-02-05,664334
eth,2022-02-06,631736
eth,2022-02-07,607608
eth,2022-02-08,610323
eth,2022-02-09,618614
eth,2022-02-10,623464
eth,2022-02-11,628135
eth,2022-02-12,593930
eth,2022-02-13,609734
eth,2022-02-14,616653
eth,2022-02-15,603711
eth,2022-02-16,574473
eth,2022-02-17,571833
eth,2022-02-18,532857
eth,2022-02-19,560677
eth,2022-02-20,573519
eth,2022-02-21,539817
eth,2022-02-22,550464
eth,2022-02-23,579757
eth,2022-02-24,581027
eth,2022-02-25,596415
eth,2022-02-26,623437
eth,2022-02-27,582203
eth,2022-02-28,559824
eth,2022-03-01,591290
eth,2022-03-02,615639
eth,2022-03-03,603657
eth,2022-03-04,606641
eth,2022-03-05,570463
eth,2022-03-06,588892
eth,2022-03-07,604545
eth,2022-03-08,662168
eth,2022-03-09,636798
eth,2022-03-10,705372
eth,2022-03-11,587448
eth,2022-03-12,603452
eth,2022-03-13,554862
eth,2022-03-14,565713
eth,2022-03-15,637927
eth,2022-03-16,688363
eth,2022-03-17,576394
eth,2022-03-18,708137
eth,2022-03-19,602552
eth,2022-03-20,589913
eth,2022-03-21,622971
eth,2022-03-22,662271
eth,2022-03-23,615398
eth,2022-03-24,591502
eth,2022-03-25,587955
eth,2022-03-26,598766
eth,2022-03-27,589698
eth,2022-03-28,600048
eth,2022-03-29,606799
eth,2022-03-30,578060
eth,2022-03-31,588465
eth,2022-04-01,565447
eth,2022-04-02,540619
eth,2022-04-03,533294
eth,2022-04-04,522069
eth,2022-04-05,542184
eth,2022-04-06,553413
eth,2022-04-07,545393
eth,2022-04-08,539721
eth,2022-04-09,568479
eth,2022-04-10,564604
eth,2022-04-11,547339
eth,2022-04-12,531996
eth,2022-04-13,511890
eth,2022-04-14,553038
eth,2022-04-15,550349
eth,2022-04-16,548320
eth,2022-04-17,528863
eth,2022-04-18,555385
eth,2022-04-19,651247
eth,2022-04-20,655981
eth,2022-04-21,544777
eth,2022-04-22,572976
eth,2022-04-23,540859
eth,2022-04-24,559200
eth,2022-04-25,559293
eth,2022-04-26,564643
eth,2022-04-27,572913
eth,2022-04-28,567858
eth,2022-04-29,556135
eth,2022-04-30,555823
eth,2022-05-01,516314
eth,2022-05-02,508839
eth,2022-05-03,508627
eth,2022-05-04,557482
eth,2022-05-05,593851
eth,2022-05-06,557019
eth,2022-05-07,536753
eth,2022-05-08,560544
eth,2022-05-09,558479
eth,2022-05-10,576970
eth,2022-05-11,520754
eth,2022-05-12,658062
eth,2022-05-13,695591
eth,2022-05-14,567897
eth,2022-05-15,549377
eth,2022-05-16,573392
eth,2022-05-17,546736
eth,2022-05-18,605317
eth,2022-05-19,538886
eth,2022-05-20,525097
eth,2022-05-21,539737
eth,2022-05-22,512640
eth,2022-05-23,516478
eth,2022-05-24,529361
eth,2022-05-25,508394
eth,2022-05-26,474789
eth,2022-05-27,494939
eth,2022-05-28,540979
eth,2022-05-29,525079
eth,2022-05-30,467010
eth,2022-05-31,535077
eth,2022-06-01,497974
eth,2022-06-02,469844
eth,2022-06-03,471612
eth,2022-06-04,452819
eth,2022-06-05,449159
eth,2022-06-06,480143
eth,2022-06-07,471285
eth,2022-06-08,445135
eth,2022-06-09,468652
eth,2022-06-10,502689
eth,2022-06-11,504859
eth,2022-06-12,479435
eth,2022-06-13,495554
eth,2022-06-14,502774
eth,2022-06-15,485344
eth,2022-06-16,512976
eth,2022-06-17,520393
eth,2022-06-18,486081
eth,2022-06-19,471524
eth,2022-06-20,481392
eth,2022-06-21,456202
eth,2022-06-22,458693
eth,2022-06-23,439159
eth,2022-06-24,469974
eth,2022-06-25,411050
eth,2022-06-26,392526
eth,2022-06-27,452419
eth,2022-06-28,433686
eth,2022-06-29,434797
eth,2022-06-30,444774
eth,2022-07-01,528527
eth,2022-07-02,557002
eth,2022-07-03,501278
eth,2022-07-04,498451
eth,2022-07-05,495235
eth,2022-07-06,506042
eth,2022-07-07,523021
eth,2022-07-08,512454
eth,2022-07-09,525366
eth,2022-07-10,530270
eth,2022-07-11,475953
eth,2022-07-12,490073
eth,2022-07-13,518760
eth,2022-07-14,546310
eth,2022-07-15,577324
eth,2022-07-16,619314
eth,2022-07-17,581176
eth,2022-07-18,537891
eth,2022-07-19,519793
eth,2022-07-20,528020
eth,2022-07-21,545645
eth,2022-07-22,576567
eth,2022-07-23,530546
eth,2022-07-24,524671
eth,2022-07-25,640296
eth,2022-07-26,1093869
eth,2022-07-27,567464
eth,2022-07-28,535301
eth,2022-07-29,562772
eth,2022-07-30,573180
eth,2022-07-31,559164
eth,2022-08-01,698752
eth,2022-08-02,571530
eth,2022-08-03,613693
eth,2022-08-04,877419
eth,2022-08-05,587625
eth,2022-08-06,589391
eth,2022-08-07,582020
eth,2022-08-08,541581
eth,2022-08-09,522334
eth,2022-08-10,533069
eth,2022-08-11,503734
eth,2022-08-12,534168
eth,2022-08-13,532368
eth,2022-08-14,512568
eth,2022-08-15,494818
eth,2022-08-16,525862
eth,2022-08-17,537548
eth,2022-08-18,538528
eth,2022-08-19,502429
eth,2022-08-20,497772
eth,2022-08-21,528550
eth,2022-08-22,484055
eth,2022-08-23,485443
eth,2022-08-24,496825
eth,2022-08-25,514001
eth,2022-08-26,488293
eth,2022-08-27,500365
eth,2022-08-28,482671
eth,2022-08-29,476802
eth,2022-08-30,466380
eth,2022-08-31,467317
eth,2022-09-01,491474
eth,2022-09-02,516909
eth,2022-09-03,528322
eth,2022-09-04,592327
eth,2022-09-05,529155
eth,2022-09-06,506982
eth,2022-09-07,481829
eth,2022-09-08,508057
eth,2022-09-09,519562
eth,2022-09-10,496883
eth,2022-09-11,491233
eth,2022-09-12,485852
eth,2022-09-13,523705
eth,2022-09-14,573357
eth,2022-09-15,646709
eth,2022-09-16,666896
eth,2022-09-17,698249
eth,2022-09-18,512039
eth,2022-09-19,489805
eth,2022-09-20,491038
eth,2022-09-21,484980
eth,2022-09-22,483507
eth,2022-09-23,499931
eth,2022-09-24,522080
eth,2022-09-25,479298
eth,2022-09-26,493645
eth,2022-09-27,555088
eth,2022-09-28,472581
eth,2022-09-29,490188
eth,2022-09-30,484535
eth,2022-10-01,485677
eth,2022-10-02,490309
eth,2022-10-03,454753
eth,2022-10-04,478071
eth,2022-10-05,494940
eth,2022-10-06,554370
eth,2022-10-07,543473
eth,2022-10-08,580345
eth,2022-10-09,585311
eth,2022-10-10,596926
eth,2022-10-11,575645
eth,2022-10-12,557899
eth,2022-10-13,533764
eth,2022-10-14,547755
eth,2022-10-15,590641
eth,2022-10-16,495690
eth,2022-10-17,478307
eth,2022-10-18,442717
eth,2022-10-19,462799
eth,2022-10-20,503252
eth,2022-10-21,489561
eth,2022-10-22,503130
eth,2022-10-23,481224
eth,2022-10-24,503643
eth,2022-10-25,477854
eth,2022-10-26,501034
eth,2022-10-27,518491
eth,2022-10-28,461379
eth,2022-10-29,469781
eth,2022-10-30,483185
eth,2022-10-31,476136
eth,2022-11-01,497231
eth,2022-11-02,498423
eth,2022-11-03,511457
eth,2022-11-04,490402
eth,2022-11-05,527978
eth,2022-11-06,482454
eth,2022-11-07,500251
eth,2022-11-08,478828
eth,2022-11-09,510134
eth,2022-11-10,494968
eth,2022-11-11,508830
eth,2022-11-12,544637
eth,2022-11-13,535954
eth,2022-11-14,549655
eth,2022-11-15,565783
eth,2022-11-16,560372
eth,2022-11-17,566821
eth,2022-11-18,562812
eth,2022-11-19,535697
eth,2022-11-20,511794
eth,2022-11-21,501171
eth,2022-11-22,491439
eth,2022-11-23,527114
eth,2022-11-24,617123
eth,2022-11-25,622610
eth,2022-11-26,597731
eth,2022-11-27,582750
eth,2022-11-28,613370
eth,2022-11-29,573661
eth,2022-11-30,525544
eth,2022-12-01,512900
eth,2022-12-02,574442
eth,2022-12-03,595930
eth,2022-12-04,631536
eth,2022-12-05,541940
eth,2022-12-06,543715
eth,2022-12-07,517420
eth,2022-12-08,528926
eth,2022-12-09,1505651
eth,2022-12-10,733794
eth,2022-12-11,723882
eth,2022-12-12,671702
eth,2022-12-13,554771
eth,2022-12-14,562476
eth,2022-12-15,538073
eth,2022-12-16,559966
eth,2022-12-17,537857
eth,2022-12-18,517630
eth,2022-12-19,515433
eth,2022-12-20,464890
eth,2022-12-21,543410
eth,2022-12-22,522781
eth,2022-12-23,522082
eth,2022-12-24,598443
eth,2022-12-25,570853
eth,2022-12-26,530742
eth,2022-12-27,505048
eth,2022-12-28,507677
eth,2022-12-29,505412
eth,2022-12-30,528156
eth,2022-12-31,519100
eth,2023-01-01,522460
eth,2023-01-02,473406
eth,2023-01-03,472981
eth,2023-01-04,507141
eth,2023-01-05,626236
eth,2023-01-06,501852
eth,2023-01-07,577380
eth,2023-01-08,784959
eth,2023-01-09,553880
eth,2023-01-10,520294
eth,2023-01-11,508868
eth,2023-01-12,515485
eth,2023-01-13,508590
eth,2023-01-14,541020
eth,2023-01-15,534997
eth,2023-01-16,518753
eth,2023-01-17,489795
eth,2023-01-18,548397
eth,2023-01-19,502409
eth,2023-01-20,522810
eth,2023-01-21,544098
eth,2023-01-22,538685
eth,2023-01-23,504730
eth,2023-01-24,487133
eth,2023-01-25,495479
eth,2023-01-26,498585
eth,2023-01-27,545774
eth,2023-01-28,516329
eth,2023-01-29,511731
eth,2023-01-30,516109
eth,2023-01-31,519408
eth,2023-02-01,516810
eth,2023-02-02,501303
eth,2023-02-03,457501
eth,2023-02-04,500595
eth,2023-02-05,537665
eth,2023-02-06,503555
eth,2023-02-07,477571
eth,2023-02-08,483612
eth,2023-02-09,475694
eth,2023-02-10,497617
eth,2023-02-11,509167
eth,2023-02-12,494505
eth,2023-02-13,492362
eth,2023-02-14,537767
eth,2023-02-15,478642
eth,2023-02-16,477690
eth,2023-02-17,471665
eth,2023-02-18,456014
eth,2023-02-19,451883
eth,2023-02-20,466024
eth,2023-02-21,482474
eth,2023-02-22,478581
eth,2023-02-23,513684
eth,2023-02-24,551238
eth,2023-02-25,569007
eth,2023-02-26,566024
eth,2023-02-27,524438
eth,2023-02-28,480872
eth,2023-03-01,478680
eth,2023-03-02,514379
eth,2023-03-03,487088
eth,2023-03-04,462695
eth,2023-03-05,432041
eth,2023-03-06,460020
eth,2023-03-07,444134
eth,2023-03-08,449531
eth,2023-03-09,460423
eth,2023-03-10,464631
eth,2023-03-11,412067
eth,2023-03-12,481016
eth,2023-03-13,584948
eth,2023-03-14,510874
eth,2023-03-15,494979
eth,2023-03-16,467209
eth,2023-03-17,504502
eth,2023-03-18,504683
eth,2023-03-19,491964
eth,2023-03-20,524591
eth,2023-03-21,512051
eth,2023-03-22,515905
eth,2023-03-23,518217
eth,2023-03-24,491152
eth,2023-03-25,500188
eth,2023-03-26,484571
eth,2023-03-27,497906
eth,2023-03-28,543283
eth,2023-03-29,583946
eth,2023-03-30,558559
eth,2023-03-31,547486
eth,2023-04-01,500064
eth,2023-04-02,508193
eth,2023-04-03,499715
eth,2023-04-04,511592
eth,2023-04-05,517726
eth,2023-04-06,488852
eth,2023-04-07,537161
eth,2023-04-08,510447
eth,2023-04-09,518856
eth,2023-04-10,548020
eth,2023-04-11,545041
eth,2023-04-12,526191
eth,2023-04-13,576453
eth,2023-04-14,597355
eth,2023-04-15,653705
eth,2023-04-16,559661
eth,2023-04-17,457397
eth,2023-04-18,442615
eth,2023-04-19,414942
eth,2023-04-20,428139
eth,2023-04-21,488479
eth,2023-04-22,485507
eth,2023-04-23,461961
eth,2023-04-24,461974
eth,2023-04-25,496299
eth,2023-04-26,496218
eth,2023-04-27,511244
eth,2023-04-28,490402
eth,2023-04-29,514443
eth,2023-04-30,447064
eth,2023-05-01,402269
eth,2023-05-02,433988
eth,2023-05-03,452868
eth,2023-05-04,450578
eth,2023-05-05,484923
eth,2023-05-06,409974
eth,2023-05-07,418073
eth,2023-05-08,443089
eth,2023-05-09,454485
eth,2023-05-10,427186
eth,2023-05-11,410160
eth,2023-05-12,462843
eth,2023-05-13,502560
eth,2023-05-14,517668
eth,2023-05-15,479793
eth,2023-05-16,438043
eth,2023-05-17,444193
eth,2023-05-18,462762
eth,2023-05-19,452814
eth,2023-05-20,567922
eth,2023-05-21,505370
eth,2023-05-22,440862
eth,2023-05-23,443649
eth,2023-05-24,457564
eth,2023-05-25,457571
eth,2023-05-26,455922
eth,2023-05-27,484034
eth,2023-05-28,425747
eth,2023-05-29,452819
eth,2023-05-30,495825
eth,2023-05-31,485068
eth,2023-06-01,441316
eth,2023-06-02,519377
eth,2023-06-03,520912
eth,2023-06-04,499026
eth,2023-06-05,553237
eth,2023-06-06,521356
eth,2023-06-07,534812
eth,2023-06-08,506910
eth,2023-06-09,568104
eth,2023-06-10,645859
eth,2023-06-11,722848
eth,2023-06-12,527637
eth,2023-06-13,532081
eth,2023-06-14,526308
eth,2023-06-15,556918
eth,2023-06-16,570083
eth,2023-06-17,559942
eth,2023-06-18,597861
eth,2023-06-19,572877
eth,2023-06-20,501731
eth,2023-06-21,521987
eth,2023-06-22,499018
eth,2023-06-23,538476
eth,2023-06-24,560995
eth,2023-06-25,558073
eth,2023-06-26,542329
eth,2023-06-27,498328
eth,2023-06-28,502634
eth,2023-06-29,446169
eth,2023-06-30,492936
eth,2023-07-01,496384
eth,2023-07-02,495119
eth,2023-07-03,493543
eth,2023-07-04,468826
eth,2023-07-05,330408
eth,2023-07-06,357008
eth,2023-07-07,410247
eth,2023-07-08,441020
eth,2023-07-09,444382
eth,2023-07-10,505778
eth,2023-07-11,493934
eth,2023-07-12,444909
eth,2023-07-13,461538
eth,2023-07-14,512709
eth,2023-07-15,495888
eth,2023-07-16,460558
eth,2023-07-17,432935
eth,2023-07-18,495815
eth,2023-07-19,466872
eth,2023-07-20,431813
eth,2023-07-21,462143
eth,2023-07-22,432180
eth,2023-07-23,424115
eth,2023-07-24,420593
eth,2023-07-25,389259
eth,2023-07-26,428906
eth,2023-07-27,414078
eth,2023-07-28,423058
eth,2023-07-29,443989
eth,2023-07-30,449643
eth,2023-07-31,532895
eth,2023-08-01,430764
eth,2023-08-02,439016
eth,2023-08-03,463901
eth,2023-08-04,483717
eth,2023-08-05,456526
eth,2023-08-06,470221
eth,2023-08-07,434031
eth,2023-08-08,426439
eth,2023-08-09,479009
eth,2023-08-10,435345
eth,2023-08-11,462207
eth,2023-08-12,456717
eth,2023-08-13,472123
eth,2023-08-14,452925
eth,2023-08-15,450149
eth,2023-08-16,419867
eth,2023-08-17,442604
eth,2023-08-18,466951
eth,2023-08-19,523589
eth,2023-08-20,468619
eth,2023-08-21,426008
eth,2023-08-22,412243
eth,2023-08-23,425302
eth,2023-08-24,431316
eth,2023-08-25,420800
eth,2023-08-26,495985
eth,2023-08-27,500556
eth,2023-08-28,392699
eth,2023-08-29,412991
eth,2023-08-30,465457
eth,2023-08-31,454064
eth,2023-09-01,496632
eth,2023-09-02,580665
eth,2023-09-03,590095
eth,2023-09-04,415077
eth,2023-09-05,453263
eth,2023-09-06,472724
eth,2023-09-07,454333
eth,2023-09-08,455177
eth,2023-09-09,472142
eth,2023-09-10,480768
eth,2023-09-11,506669
eth,2023-09-12,580314
eth,2023-09-13,1146469
eth,2023-09-14,496984
eth,2023-09-15,451903
eth,2023-09-16,472439
eth,2023-09-17,479039
eth,2023-09-18,452238
eth,2023-09-19,453301
eth,2023-09-20,462906
eth,2023-09-21,607789
eth,2023-09-22,485197
eth,2023-09-23,529009
eth,2023-09-24,509942
eth,2023-09-25,463901
eth,2023-09-26,461614
eth,2023-09-27,480193
eth,2023-09-28,482888
eth,2023-09-29,488093
eth,2023-09-30,472166
eth,2023-10-01,474950
eth,2023-10-02,440326
eth,2023-10-03,452017
eth,2023-10-04,470040
eth,2023-10-05,482454
eth,2023-10-06,496999
eth,2023-10-07,516225
eth,2023-10-08,478609
eth,2023-10-09,459613
eth,2023-10-10,454990
eth,2023-10-11,486645
eth,2023-10-12,478310
eth,2023-10-13,477264
eth,2023-10-14,499942
eth,2023-10-15,509670
eth,2023-10-16,445496
eth,2023-10-17,469524
eth,2023-10-18,443137
eth,2023-10-19,438038
eth,2023-10-20,469116
eth,2023-10-21,467937
eth,2023-10-22,466832
eth,2023-10-23,443611
eth,2023-10-24,462901
eth,2023-10-25,452980
eth,2023-10-26,446883
eth,2023-10-27,431981
eth,2023-10-28,430136
eth,2023-10-29,442265
eth,2023-10-30,451831
eth,2023-10-31,443637
eth,2023-11-01,448247
eth,2023-11-02,430684
eth,2023-11-03,449646
eth,2023-11-04,424516
eth,2023-11-05,412472
eth,2023-11-06,425120
eth,2023-11-07,452904
eth,2023-11-08,435097
eth,2023-11-09,465799
eth,2023-11-10,503810
eth,2023-11-11,477097
eth,2023-11-12,445257
eth,2023-11-13,404394
eth,2023-11-14,411867
eth,2023-11-15,432358
eth,2023-11-16,447363
eth,2023-11-17,442407
eth,2023-11-18,435562
eth,2023-11-19,445712
eth,2023-11-20,478802
eth,2023-11-21,454803
eth,2023-11-22,468822
eth,2023-11-23,472550
eth,2023-11-24,459777
eth,2023-11-25,447357
eth,2023-11-26,445942
eth,2023-11-27,427313
eth,2023-11-28,435397
eth,2023-11-29,435185
eth,2023-11-30,444493
eth,2023-12-01,455498
eth,2023-12-02,448231
eth,2023-12-03,484971
eth,2023-12-04,501479
eth,2023-12-05,478540
eth,2023-12-06,470269
eth,2023-12-07,514384
eth,2023-12-08,512163
eth,2023-12-09,514381
eth,2023-12-10,530417
eth,2023-12-11,477448
eth,2023-12-12,460872
eth,2023-12-13,436280
eth,2023-12-14,472896
eth,2023-12-15,460372
eth,2023-12-16,422688
eth,2023-12-17,473059
eth,2023-12-18,469668
eth,2023-12-19,494272
eth,2023-12-20,548565
eth,2023-12-21,567353
eth,2023-12-22,559864
eth,2023-12-23,520957
eth,2023-12-24,527103
eth,2023-12-25,522614
eth,2023-12-26,513646
eth,2023-12-27,505094
eth,2023-12-28,543618
eth,2023-12-29,480676
eth,2023-12-30,514594
eth,2023-12-31,503085
eth,2024-01-01,562773
eth,2024-01-02,512753
eth,2024-01-03,477192
eth,2024-01-04,475972
eth,2024-01-05,489211
eth,2024-01-06,483964
eth,2024-01-07,523419
eth,2024-01-08,508589
eth,2024-01-09,512092
eth,2024-01-10,624690
eth,2024-01-11,596971
eth,2024-01-12,579744
eth,2024-01-13,495542
eth,2024-01-14,403225
eth,2024-01-15,522570
eth,2024-01-16,460330
eth,2024-01-17,452249
eth,2024-01-18,499927
eth,2024-01-19,526104
eth,2024-01-20,538236
eth,2024-01-21,546924
eth,2024-01-22,516458
eth,2024-01-23,525689
eth,2024-01-24,498167
eth,2024-01-25,544086
eth,2024-01-26,548880
eth,2024-01-27,604147
eth,2024-01-28,569471
eth,2024-01-29,555438
eth,2024-01-30,542307
eth,2024-01-31,515245
eth,2024-02-01,496021
eth,2024-02-02,508866
eth,2024-02-03,495027
eth,2024-02-04,543243
eth,2024-02-05,549186
eth,2024-02-06,495537
eth,2024-02-07,489939
eth,2024-02-08,456068
eth,2024-02-09,470607
eth,2024-02-10,472368
eth,2024-02-11,507304
eth,2024-02-12,505729
eth,2024-02-13,522147
eth,2024-02-14,550218
eth,2024-02-15,534338
eth,2024-02-16,545912
eth,2024-02-17,535786
eth,2024-02-18,504340
eth,2024-02-19,537690
eth,2024-02-20,535843
eth,2024-02-21,494220
eth,2024-02-22,480307
eth,2024-02-23,525471
eth,2024-02-24,542711
eth,2024-02-25,563938
eth,2024-02-26,566336
eth,2024-02-27,571866
eth,2024-02-28,583458
eth,2024-02-29,568518
eth,2024-03-01,567634
eth,2024-03-02,569559
eth,2024-03-03,591186
eth,2024-03-04,588463
eth,2024-03-05,582912
eth,2024-03-06,548248
eth,2024-03-07,574568
eth,2024-03-08,561713
eth,2024-03-09,553560
eth,2024-03-10,539361
eth,2024-03-11,595781
eth,2024-03-12,578377
eth,2024-03-13,603003
eth,2024-03-14,612536
eth,2024-03-15,675933
eth,2024-03-16,670469
eth,2024-03-17,664906
eth,2024-03-18,659801
eth,2024-03-19,650497
eth,2024-03-20,692050
eth,2024-03-21,690508
eth,2024-03-22,696307
eth,2024-03-23,700773
eth,2024-03-24,679695
eth,2024-03-25,660352
eth,2024-03-26,608189
eth,2024-03-27,573286
eth,2024-03-28,596032
eth,2024-03-29,642512
eth,2024-03-30,650692
eth,2024-03-31,653977
eth,2024-04-01,611993
eth,2024-04-02,546109
eth,2024-04-03,537711
eth,2024-04-04,569904
eth,2024-04-05,599968
eth,2024-04-06,628725
eth,2024-04-07,622065
eth,2024-04-08,598540
eth,2024-04-09,565994
eth,2024-04-10,590235
eth,2024-04-11,582348
eth,2024-04-12,633107
eth,2024-04-13,576579
eth,2024-04-14,578258
eth,2024-04-15,600397
eth,2024-04-16,623665
eth,2024-04-17,620637
eth,2024-04-18,609816
eth,2024-04-19,580759
eth,2024-04-20,635686
eth,2024-04-21,606734
eth,2024-04-22,565977
eth,2024-04-23,558590
eth,2024-04-24,539490
eth,2024-04-25,565454
eth,2024-04-26,615496
eth,2024-04-27,622222
eth,2024-04-28,631340
eth,2024-04-29,634789
eth,2024-04-30,615440
eth,2024-05-01,589497
eth,2024-05-02,631566
eth,2024-05-03,626688
eth,2024-05-04,647201
eth,2024-05-05,634400
eth,2024-05-06,605873
eth,2024-05-07,605694
eth,2024-05-08,588088
eth,2024-05-09,579657
eth,2024-05-10,611791
eth,2024-05-11,595395
eth,2024-05-12,617082
eth,2024-05-13,575636
eth,2024-05-14,583373
eth,2024-05-15,613829
eth,2024-05-16,604917
eth,2024-05-17,569230
eth,2024-05-18,641401
eth,2024-05-19,579016
eth,2024-05-20,546790
eth,2024-05-21,560062
eth,2024-05-22,552922
eth,2024-05-23,519468
eth,2024-05-24,553536
eth,2024-05-25,598267
eth,2024-05-26,533284
eth,2024-05-27,498242
eth,2024-05-28,461484
eth,2024-05-29,520099
eth,2024-05-30,495167
eth,2024-05-31,505517
eth,2024-06-01,490287
eth,2024-06-02,476034
eth,2024-06-03,474371
eth,2024-06-04,516994
eth,2024-06-05,483558
eth,2024-06-06,475215
eth,2024-06-07,510663
eth,2024-06-08,540011
eth,2024-06-09,540061
eth,2024-06-10,511530
eth,2024-06-11,504409
eth,2024-06-12,532832
eth,2024-06-13,535451
eth,2024-06-14,532661
eth,2024-06-15,574241
eth,2024-06-16,588379
eth,2024-06-17,520331
eth,2024-06-18,490549
eth,2024-06-19,511058
eth,2024-06-20,504589
eth,2024-06-21,663885
eth,2024-06-22,808983
eth,2024-06-23,588860
eth,2024-06-24,562076
eth,2024-06-25,597376
eth,2024-06-26,633829
eth,2024-06-27,538256
eth,2024-06-28,561733
eth,2024-06-29,656977
eth,2024-06-30,580898
eth,2024-07-01,547334
eth,2024-07-02,539489
eth,2024-07-03,498539
eth,2024-07-04,572314
eth,2024-07-05,569838
eth,2024-07-06,613236
eth,2024-07-07,567737
eth,2024-07-08,542605
eth,2024-07-09,540111
eth,2024-07-10,527292
eth,2024-07-11,548429
eth,2024-07-12,609220
eth,2024-07-13,610493
eth,2024-07-14,497263
eth,2024-07-15,505297
eth,2024-07-16,517949
eth,2024-07-17,463312
eth,2024-07-18,476042
eth,2024-07-19,510183
eth,2024-07-20,571318
eth,2024-07-21,533075
eth,2024-07-22,497445
eth,2024-07-23,520567
eth,2024-07-24,531361
eth,2024-07-25,504084
eth,2024-07-26,540778
eth,2024-07-27,494615
eth,2024-07-28,536213
eth,2024-07-29,512372
eth,2024-07-30,503262
eth,2024-07-31,488443
eth,2024-08-01,435221
eth,2024-08-02,454772
eth,2024-08-03,546458
eth,2024-08-04,566158
eth,2024-08-05,449721
eth,2024-08-06,502856
eth,2024-08-07,484440
eth,2024-08-08,451579
eth,2024-08-09,482592
eth,2024-08-10,576076
eth,2024-08-11,500704
eth,2024-08-12,422856
eth,2024-08-13,474971
eth,2024-08-14,646570
eth,2024-08-15,603353
eth,2024-08-16,541263
eth,2024-08-17,565404
eth,2024-08-18,519567
eth,2024-08-19,461113
eth,2024-08-20,463357
eth,2024-08-21,488674
eth,2024-08-22,506943
eth,2024-08-23,510832
eth,2024-08-24,556174
eth,2024-08-25,495871
eth,2024-08-26,538097
eth,2024-08-27,531187
eth,2024-08-28,496801
eth,2024-08-29,534339
eth,2024-08-30,525769
eth,2024-08-31,539031
eth,2024-09-01,548611
eth,2024-09-02,488354
eth,2024-09-03,488483
eth,2024-09-04,458154
eth,2024-09-05,463343
eth,2024-09-06,489148
eth,2024-09-07,505206
eth,2024-09-08,559292
eth,2024-09-09,486100
eth,2024-09-10,497278
eth,2024-09-11,549027
eth,2024-09-12,487221
eth,2024-09-13,499824
eth,2024-09-14,525764
eth,2024-09-15,541610
eth,2024-09-16,435137
eth,2024-09-17,464540
eth,2024-09-18,420578
eth,2024-09-19,416530
eth,2024-09-20,422622
eth,2024-09-21,416815
eth,2024-09-22,436396
eth,2024-09-23,418609
eth,2024-09-24,446356
eth,2024-09-25,440864
eth,2024-09-26,448101
eth,2024-09-27,508839
eth,2024-09-28,534530
eth,2024-09-29,497779
eth,2024-09-30,509251
eth,2024-10-01,552048
eth,2024-10-02,496823
eth,2024-10-03,521417
eth,2024-10-04,471079
eth,2024-10-05,438550
eth,2024-10-06,423173
eth,2024-10-07,441087
eth,2024-10-08,434713
eth,2024-10-09,482632
eth,2024-10-10,454242
eth,2024-10-11,485939
eth,2024-10-12,497572
eth,2024-10-13,457774
eth,2024-10-14,498392
eth,2024-10-15,516385
eth,2024-10-16,491597
eth,2024-10-17,543592
eth,2024-10-18,573519
eth,2024-10-19,599089
eth,2024-10-20,533726
eth,2024-10-21,538679
eth,2024-10-22,536229
eth,2024-10-23,509138
eth,2024-10-24,502403
eth,2024-10-25,502861
eth,2024-10-26,505976
eth,2024-10-27,431241
eth,2024-10-28,458684
eth,2024-10-29,523376
eth,2024-10-30,443016
eth,2024-10-31,485178
eth,2024-11-01,481430
eth,2024-11-02,490886
eth,2024-11-03,502616
eth,2024-11-04,464007
eth,2024-11-05,475308
eth,2024-11-06,479645
eth,2024-11-07,513491
eth,2024-11-08,525242
eth,2024-11-09,500755
eth,2024-11-10,524956
eth,2024-11-11,561074
eth,2024-11-12,545638
eth,2024-11-13,527943
eth,2024-11-14,548302
eth,2024-11-15,569301
eth,2024-11-16,578354
eth,2024-11-17,569177
eth,2024-11-18,532913
eth,2024-11-19,545199
eth,2024-11-20,562785
eth,2024-11-21,573282
eth,2024-11-22,608783
eth,2024-11-23,595219
eth,2024-11-24,564490
eth,2024-11-25,584087
eth,2024-11-26,561936
eth,2024-11-27,598038
eth,2024-11-28,616324
eth,2024-11-29,589287
eth,2024-11-30,551474
eth,2024-12-01,579646
eth,2024-12-02,592286
eth,2024-12-03,583738
eth,2024-12-04,598566
eth,2024-12-05,609650
eth,2024-12-06,603641
eth,2024-12-07,614603
eth,2024-12-08,593007
eth,2024-12-09,569276
eth,2024-12-10,610919
eth,2024-12-11,595689
eth,2024-12-12,632555
eth,2024-12-13,625658
eth,2024-12-14,595321
eth,2024-12-15,572588
eth,2024-12-16,584730
eth,2024-12-17,633135
eth,2024-12-18,586437
eth,2024-12-19,593388
eth,2024-12-20,617940
eth,2024-12-21,636495
eth,2024-12-22,661932
eth,2024-12-23,644736
eth,2024-12-24,681144
eth,2024-12-25,647401
eth,2024-12-26,575672
eth,2024-12-27,597038
eth,2024-12-28,559493
eth,2024-12-29,563774
eth,2024-12-30,568891
eth,2024-12-31,550052
eth,2025-01-01,453472
eth,2025-01-02,486772
eth,2025-01-03,555276
eth,2025-01-04,540771
eth,2025-01-05,538968
eth,2025-01-06,518795
eth,2025-01-07,549766
eth,2025-01-08,528335
eth,2025-01-09,538508
eth,2025-01-10,549307
eth,2025-01-11,578859
eth,2025-01-12,539823
eth,2025-01-13,554991
eth,2025-01-14,599208
eth,2025-01-15,570274
eth,2025-01-16,556504
eth,2025-01-17,545962
eth,2025-01-18,519864
eth,2025-01-19,591559
eth,2025-01-20,629557
eth,2025-01-21,607071
eth,2025-01-22,597537
eth,2025-01-23,608180
eth,2025-01-24,630744
eth,2025-01-25,789004
eth,2025-01-26,608826
eth,2025-01-27,554206
eth,2025-01-28,549777
eth,2025-01-29,544023
eth,2025-01-30,543074
eth,2025-01-31,539938
eth,2025-02-01,533961
eth,2025-02-02,489399
eth,2025-02-03,500641
eth,2025-02-04,567675
eth,2025-02-05,605351
eth,2025-02-06,659801
eth,2025-02-07,662264
eth,2025-02-08,700649
eth,2025-02-09,646027
eth,2025-02-10,711876
eth,2025-02-11,612087
eth,2025-02-12,613684
eth,2025-02-13,627574
eth,2025-02-14,666254
eth,2025-02-15,668614
eth,2025-02-16,685798
eth,2025-02-17,675569
eth,2025-02-18,606517
eth,2025-02-19,639839
eth,2025-02-20,685150
eth,2025-02-21,656153
eth,2025-02-22,652109
eth,2025-02-23,673471
eth,2025-02-24,653722
eth,2025-02-25,599245
eth,2025-02-26,634182
eth,2025-02-27,628254
eth,2025-02-28,572524
eth,2025-03-01,581077
eth,2025-03-02,634334
eth,2025-03-03,600837
eth,2025-03-04,581765
eth,2025-03-05,648492
eth,2025-03-06,650999
eth,2025-03-07,584152
eth,2025-03-08,614600
eth,2025-03-09,616335
eth,2025-03-10,573333
eth,2025-03-11,560914
eth,2025-03-12,586370
eth,2025-03-13,607478
eth,2025-03-14,624019
eth,2025-03-15,699041
eth,2025-03-16,616135
eth,2025-03-17,616869
eth,2025-03-18,621708
eth,2025-03-19,615315
eth,2025-03-20,629660
eth,2025-03-21,653476
eth,2025-03-22,688574
eth,2025-03-23,644387
eth,2025-03-24,567021
eth,2025-03-25,599874
eth,2025-03-26,625606
eth,2025-03-27,604866
eth,2025-03-28,565035
eth,2025-03-29,538941
eth,2025-03-30,573805
eth,2025-03-31,534039
eth,2025-04-01,545849
eth,2025-04-02,535608
eth,2025-04-03,567408
eth,2025-04-04,578300
eth,2025-04-05,650544
eth,2025-04-06,567708
eth,2025-04-07,634899
eth,2025-04-08,651117
eth,2025-04-09,638161
eth,2025-04-10,547468
eth,2025-04-11,520203
eth,2025-04-12,549318
eth,2025-04-13,569981
eth,2025-04-14,561545
eth,2025-04-15,583041
eth,2025-04-16,607438
eth,2025-04-17,602395
eth,2025-04-18,602813
eth,2025-04-19,698864
eth,2025-04-20,680519
eth,2025-04-21,577103
eth,2025-04-22,578892
eth,2025-04-23,560731
eth,2025-04-24,513039
eth,2025-04-25,576170
eth,2025-04-26,599602
eth,2025-04-27,582298
eth,2025-04-28,563618
eth,2025-04-29,570943
eth,2025-04-30,602015
eth,2025-05-01,584302
eth,2025-05-02,614894
eth,2025-05-03,669340
eth,2025-05-04,604025
eth,2025-05-05,590450
eth,2025-05-06,586800
eth,2025-05-07,569398
eth,2025-05-08,576847
eth,2025-05-09,600913
eth,2025-05-10,500413
eth,2025-05-11,493699
eth,2025-05-12,544829
eth,2025-05-13,565467
eth,2025-05-14,598472
eth,2025-05-15,605477
eth,2025-05-16,584362
eth,2025-05-17,679394
eth,2025-05-18,619263
eth,2025-05-19,576938
eth,2025-05-20,618164
eth,2025-05-21,596745
eth,2025-05-22,548411
eth,2025-05-23,565438
eth,2025-05-24,569633
eth,2025-05-25,540764
eth,2025-05-26,545198
eth,2025-05-27,537019
eth,2025-05-28,550788
eth,2025-05-29,553779
eth,2025-05-30,584081
eth,2025-05-31,639715
eth,2025-06-01,597460
eth,2025-06-02,594300
eth,2025-06-03,587140
eth,2025-06-04,557098
eth,2025-06-05,550895
eth,2025-06-06,568753
eth,2025-06-07,645229
eth,2025-06-08,635387
eth,2025-06-09,683387
eth,2025-06-10,618005
eth,2025-06-11,613546
eth,2025-06-12,620082
eth,2025-06-13,567310
eth,2025-06-14,648830
eth,2025-06-15,597463
eth,2025-06-16,568812
eth,2025-06-17,611053
eth,2025-06-18,591960
eth,2025-06-19,547969
eth,2025-06-20,558520
eth,2025-06-21,593152
eth,2025-06-22,501348
eth,2025-06-23,529187
eth,2025-06-24,631045
eth,2025-06-25,728650
eth,2025-06-26,633814
eth,2025-06-27,595755
eth,2025-06-28,646608
eth,2025-06-29,630826
eth,2025-06-30,571982
eth,2025-07-01,562902
eth,2025-07-02,591077
eth,2025-07-03,603372
eth,2025-07-04,641639
eth,2025-07-05,624984
eth,2025-07-06,605772
eth,2025-07-07,605963
eth,2025-07-08,610652
eth,2025-07-09,588717
eth,2025-07-10,599545
eth,2025-07-11,605839
eth,2025-07-12,659420
eth,2025-07-13,635664
eth,2025-07-14,562169
eth,2025-07-15,571938
eth,2025-07-16,597741
eth,2025-07-17,624057
eth,2025-07-18,648715
eth,2025-07-19,630980
eth,2025-07-20,595222
eth,2025-07-21,657686
eth,2025-07-22,676888
eth,2025-07-23,646492
eth,2025-07-24,666804
eth,2025-07-25,699650
eth,2025-07-26,747490
eth,2025-07-27,723786
eth,2025-07-28,661817
eth,2025-07-29,742843
eth,2025-07-30,937809
eth,2025-07-31,927593
eth,2025-08-01,773917
eth,2025-08-02,741189
eth,2025-08-03,768049
eth,2025-08-04,757996
eth,2025-08-05,767010
eth,2025-08-06,743146
eth,2025-08-07,750439
eth,2025-08-08,729403
eth,2025-08-09,706918
eth,2025-08-10,735445
eth,2025-08-11,713282
eth,2025-08-12,745456
eth,2025-08-13,754817
eth,2025-08-14,744255
eth,2025-08-15,768519
eth,2025-08-16,810398
eth,2025-08-17,768329
eth,2025-08-18,731006
eth,2025-08-19,720416
eth,2025-08-20,727938
eth,2025-08-21,708788
eth,2025-08-22,732944
eth,2025-08-23,760979
eth,2025-08-24,746244
eth,2025-08-25,697653
eth,2025-08-26,660167
eth,2025-08-27,620154
eth,2025-08-28,688849
eth,2025-08-29,725037
eth,2025-08-30,739460
eth,2025-08-31,745961
eth,2025-09-01,700659
eth,2025-09-02,754357
eth,2025-09-03,688264
eth,2025-09-04,685311
eth,2025-09-05,700882
eth,2025-09-06,640023
eth,2025-09-07,658528
eth,2025-09-08,719927
eth,2025-09-09,716547
eth,2025-09-10,726546
eth,2025-09-11,735425
eth,2025-09-12,739390
eth,2025-09-13,723144
eth,2025-09-14,719519
eth,2025-09-15,745718
eth,2025-09-16,756644
eth,2025-09-17,715362
eth,2025-09-18,801787
eth,2025-09-19,736420
eth,2025-09-20,718542
eth,2025-09-21,763923
eth,2025-09-22,669098
eth,2025-09-23,709674
eth,2025-09-24,658722
eth,2025-09-25,589890
eth,2025-09-26,647829
eth,2025-09-27,624741
eth,2025-09-28,677304
eth,2025-09-29,671334
eth,2025-09-30,700023
eth,2025-10-01,742484
eth,2025-10-02,690586
eth,2025-10-03,708326
eth,2025-10-04,790083
eth,2025-10-05,702869
eth,2025-10-06,739794
eth,2025-10-07,690739
eth,2025-10-08,695551
eth,2025-10-09,675186
eth,2025-10-10,666821
eth,2025-10-11,639474
eth,2025-10-12,691495
eth,2025-10-13,672710
eth,2025-10-14,652820
eth,2025-10-15,755770
eth,2025-10-16,696528
eth,2025-10-17,718971
eth,2025-10-18,1082455
eth,2025-10-19,1038730
eth,2025-10-20,712270
eth,2025-10-21,745734
eth,2025-10-22,721508
eth,2025-10-23,744666
eth,2025-10-24,713773
eth,2025-10-25,760625
eth,2025-10-26,818357
eth,2025-10-27,749297
eth,2025-10-28,716806
eth,2025-10-29,667632
eth,2025-10-30,640378
eth,2025-10-31,734635
